Charlotte,Louisville,58,+39,09/01/2016,2016-09-01 12:00:28.486561
Tulane,Wake Forest,44,+16.5,09/01/2016,2016-09-01 12:00:28.486561
Indiana,Florida International,63,-10.5,09/01/2016,2016-09-01 12:00:28.486561
Appalachian State,Tennessee,60,+21,09/01/2016,2016-09-01 12:00:28.486561
Rice,Western Kentucky,63.5,+16,09/01/2016,2016-09-01 12:00:28.486561
South Carolina,Vanderbilt,41.5,+4,09/01/2016,2016-09-01 12:00:28.486561
Oregon State,Minnesota,55.5,+13,09/01/2016,2016-09-01 12:00:28.486561
Rice,Western Kentucky,63,+16,09/01/2016,2016-09-01 12:06:19.378700
Tulane,Wake Forest,43,+16.5,09/01/2016,2016-09-01 12:36:12.877554
Indiana,Florida International,63.5,-10.5,09/01/2016,2016-09-01 12:48:10.724297
South Carolina,Vanderbilt,41,+4,09/01/2016,2016-09-01 13:12:24.947348
Appalachian State,Tennessee,60,+21.5,09/01/2016,2016-09-01 13:18:05.401969
Rice,Western Kentucky,63,+16.5,09/01/2016,2016-09-01 13:30:23.410772
Tulane,Wake Forest,43,+15.5,09/01/2016,2016-09-01 13:48:22.523254
Indiana,Florida International,64,-10.5,09/01/2016,2016-09-01 13:54:14.034882
Tulane,Wake Forest,43,+16,09/01/2016,2016-09-01 14:36:18.880081
South Carolina,Vanderbilt,41,+4.5,09/01/2016,2016-09-01 14:54:05.353400
South Carolina,Vanderbilt,41,+5,09/01/2016,2016-09-01 15:18:21.135519
Appalachian State,Tennessee,59,+21.5,09/01/2016,2016-09-01 15:36:20.640966
Rice,Western Kentucky,63.5,+16.5,09/01/2016,2016-09-01 15:36:20.640966
Rice,Western Kentucky,64,+16.5,09/01/2016,2016-09-01 16:18:24.181316
Oregon State,Minnesota,56,+13,09/01/2016,2016-09-01 16:54:14.972773
Indiana,Florida International,64.5,-10.5,09/01/2016,2016-09-01 17:00:12.215126
Charlotte,Louisville,58.5,+39,09/01/2016,2016-09-01 17:24:05.973943
Tulane,Wake Forest,43,+14.5,09/01/2016,2016-09-01 18:06:15.074106
Indiana,Florida International,64.5,-11,09/01/2016,2016-09-01 18:06:15.074106
Rice,Western Kentucky,64,+17,09/01/2016,2016-09-01 18:12:22.753153
Appalachian State,Tennessee,59,+22,09/01/2016,2016-09-01 18:36:21.798462
Indiana,Florida International,65,-11,09/01/2016,2016-09-01 18:48:10.567045
Rice,Western Kentucky,64.5,+17.5,09/01/2016,2016-09-01 18:48:10.567045
South Carolina,Vanderbilt,40.5,+5,09/01/2016,2016-09-01 18:48:10.567045
Tulane,Wake Forest,42.5,+14,09/01/2016,2016-09-01 18:54:09.326152
Rice,Western Kentucky,65,+17.5,09/01/2016,2016-09-01 18:54:09.326152
Rice,Western Kentucky,65,+18,09/01/2016,2016-09-01 19:30:13.649614
South Carolina,Vanderbilt,40,+5,09/01/2016,2016-09-01 19:36:10.018677
South Carolina,Vanderbilt,40,+4.5,09/01/2016,2016-09-01 19:48:12.954811
Rice,Western Kentucky,65,+18.5,09/01/2016,2016-09-01 20:00:16.990942
Oregon State,Minnesota,56,+13.5,09/01/2016,2016-09-01 21:00:29.336547
Ball State,Georgia State,52.5,+5,09/01/2016,2016-09-02 00:00:10.108319
Army,Temple,47,+16,09/01/2016,2016-09-02 00:00:10.108319
Colorado State,Colorado,59.5,+8.5,09/01/2016,2016-09-02 00:00:10.108319
Kansas State,Stanford,48,+15,09/01/2016,2016-09-02 00:00:10.108319
Toledo,Arkansas State,65,+4,09/01/2016,2016-09-02 00:00:10.108319
Ball State,Georgia State,52,+5.5,09/02/2016,2016-09-02 12:00:13.252135
Army,Temple,47,+15.5,09/02/2016,2016-09-02 12:00:13.252135
Colorado State,Colorado,59.5,+8.5,09/02/2016,2016-09-02 12:00:13.252135
Kansas State,Stanford,48,+13,09/02/2016,2016-09-02 12:00:13.252135
Toledo,Arkansas State,65.5,+4,09/02/2016,2016-09-02 12:00:13.252135
Kansas State,Stanford,48.5,+13,09/02/2016,2016-09-02 12:06:22.193914
Kansas State,Stanford,49,+13,09/02/2016,2016-09-02 12:12:16.182495
Ball State,Georgia State,52,+6,09/02/2016,2016-09-02 12:18:14.898427
Ball State,Georgia State,53,+6,09/02/2016,2016-09-02 13:24:16.961200
Toledo,Arkansas State,65,+4,09/02/2016,2016-09-02 13:24:16.961200
Ball State,Georgia State,53.5,+6,09/02/2016,2016-09-02 13:30:18.540328
Army,Temple,46,+15.5,09/02/2016,2016-09-02 13:30:18.540328
Toledo,Arkansas State,64.5,+4,09/02/2016,2016-09-02 13:30:18.540328
Colorado State,Colorado,59,+8.5,09/02/2016,2016-09-02 14:42:23.708229
Ball State,Georgia State,53.5,+5.5,09/02/2016,2016-09-02 15:54:19.721102
Colorado State,Colorado,59,+8,09/02/2016,2016-09-02 15:54:19.721102
Ball State,Georgia State,54,+5.5,09/02/2016,2016-09-02 16:06:16.813969
Ball State,Georgia State,54.5,+5.5,09/02/2016,2016-09-02 16:18:08.518268
Colorado State,Colorado,59,+7.5,09/02/2016,2016-09-02 16:18:08.518268
Toledo,Arkansas State,66,+4,09/02/2016,2016-09-02 16:42:07.197879
Colorado State,Colorado,58.5,+7.5,09/02/2016,2016-09-02 17:00:10.261181
Kansas State,Stanford,49,+13.5,09/02/2016,2016-09-02 17:00:10.261181
Army,Temple,46,+15,09/02/2016,2016-09-02 17:12:16.736656
Kansas State,Stanford,50,+13.5,09/02/2016,2016-09-02 17:12:16.736656
Colorado State,Colorado,58.5,+7,09/02/2016,2016-09-02 17:18:18.280467
Army,Temple,45.5,+15.5,09/02/2016,2016-09-02 17:42:06.912685
Ball State,Georgia State,55,+5.5,09/02/2016,2016-09-02 18:12:17.554599
Colorado State,Colorado,58,+7,09/02/2016,2016-09-02 18:12:17.554599
Ball State,Georgia State,55.5,+5.5,09/02/2016,2016-09-02 18:30:25.526817
Ball State,Georgia State,55.5,+6,09/02/2016,2016-09-02 18:36:12.983945
Army,Temple,45.5,+14.5,09/02/2016,2016-09-02 18:42:06.265514
Colorado State,Colorado,58,+7.5,09/02/2016,2016-09-02 18:48:21.018567
Ball State,Georgia State,55.5,+6.5,09/02/2016,2016-09-02 18:54:13.031679
Kansas State,Stanford,50,+13,09/02/2016,2016-09-02 19:00:13.416502
Kansas State,Stanford,49.5,+13,09/02/2016,2016-09-02 19:30:10.526562
Colorado State,Colorado,57.5,+7.5,09/02/2016,2016-09-02 19:54:24.859480
Kansas State,Stanford,49.5,+13.5,09/02/2016,2016-09-02 20:18:07.918900
Toledo,Arkansas State,66,+4.5,09/02/2016,2016-09-02 20:54:18.102094
Georgia Tech,Boston College,43,-3,09/02/2016,2016-09-03 00:00:16.621525
Hawaii,Michigan,55.5,+40,09/02/2016,2016-09-03 00:00:16.621525
Western Michigan,Northwestern,51,+5,09/02/2016,2016-09-03 00:00:16.621525
Bowling Green,Ohio State,67,+28,09/02/2016,2016-09-03 00:00:16.621525
Missouri,West Virginia,50.5,+10,09/02/2016,2016-09-03 00:00:16.621525
South Alabama,Mississippi State,54,+28,09/02/2016,2016-09-03 00:00:16.621525
Oklahoma,Houston,68,-11.5,09/02/2016,2016-09-03 00:00:16.621525
Boise State,UL - Lafayette,64.5,-20,09/02/2016,2016-09-03 00:00:16.621525
Rutgers,Washington,54.5,+26.5,09/02/2016,2016-09-03 00:00:16.621525
Miami Ohio,Iowa,51,+27.5,09/02/2016,2016-09-03 00:00:16.621525
Kent State,Penn State,45,+22,09/02/2016,2016-09-03 00:00:16.621525
Texas State,Ohio,60.5,+21,09/02/2016,2016-09-03 00:00:16.621525
UCLA,Texas A&M,54.5,+3,09/02/2016,2016-09-03 00:00:16.621525
LSU,Wisconsin,45,-11,09/02/2016,2016-09-03 00:00:16.621525
Louisiana Tech,Arkansas,52.5,+25,09/02/2016,2016-09-03 00:00:16.621525
North Carolina,Georgia,57,+3,09/02/2016,2016-09-03 00:00:16.621525
SMU,North Texas,69.5,-9.5,09/02/2016,2016-09-03 00:00:16.621525
San Jose State,Tulsa,70.5,+5.5,09/02/2016,2016-09-03 00:00:16.621525
Southern Miss,Kentucky,63.5,+6.5,09/02/2016,2016-09-03 00:00:16.621525
Massachusetts,Florida,50.5,+37,09/02/2016,2016-09-03 00:00:16.621525
New Mexico State,UTEP,60.5,+10,09/02/2016,2016-09-03 00:00:16.621525
Fresno State,Nebraska,63,+28.5,09/02/2016,2016-09-03 00:00:16.621525
USC,Alabama,52,+12.5,09/02/2016,2016-09-03 00:00:16.621525
Clemson,Auburn,64,-8.5,09/02/2016,2016-09-03 00:00:16.621525
BYU,Arizona,61,-2.5,09/02/2016,2016-09-03 00:00:16.621525
Northern Illinois,Wyoming,54.5,-9,09/02/2016,2016-09-03 00:00:16.621525
Louisiana Tech,Arkansas,53,+24.5,09/02/2016,2016-09-03 00:42:06.527885
North Carolina,Georgia,57.5,+3,09/02/2016,2016-09-03 00:48:10.180419
Northern Illinois,Wyoming,54.5,-8.5,09/02/2016,2016-09-03 00:48:10.180419
Georgia Tech,Boston College,43,-3.5,09/02/2016,2016-09-03 01:48:23.079358
Hawaii,Michigan,55.5,+38.5,09/03/2016,2016-09-03 12:00:20.454510
Western Michigan,Northwestern,53,+3.5,09/03/2016,2016-09-03 12:00:20.454510
Bowling Green,Ohio State,64.5,+28,09/03/2016,2016-09-03 12:00:20.454510
Missouri,West Virginia,51.5,+10,09/03/2016,2016-09-03 12:00:20.454510
South Alabama,Mississippi State,52.5,+27.5,09/03/2016,2016-09-03 12:00:20.454510
Oklahoma,Houston,66.5,-13,09/03/2016,2016-09-03 12:00:20.454510
Rutgers,Washington,55.5,+26,09/03/2016,2016-09-03 12:00:20.454510
Miami Ohio,Iowa,52,+28,09/03/2016,2016-09-03 12:00:20.454510
Kent State,Penn State,44.5,+23,09/03/2016,2016-09-03 12:00:20.454510
Texas State,Ohio,60.5,+19,09/03/2016,2016-09-03 12:00:20.454510
UCLA,Texas A&M,53,+3,09/03/2016,2016-09-03 12:00:20.454510
LSU,Wisconsin,45,-13,09/03/2016,2016-09-03 12:00:20.454510
Louisiana Tech,Arkansas,52.5,+24.5,09/03/2016,2016-09-03 12:00:20.454510
North Carolina,Georgia,58,+3.5,09/03/2016,2016-09-03 12:00:20.454510
SMU,North Texas,67,-9,09/03/2016,2016-09-03 12:00:20.454510
San Jose State,Tulsa,70.5,+5,09/03/2016,2016-09-03 12:00:20.454510
Southern Miss,Kentucky,63.5,+4,09/03/2016,2016-09-03 12:00:20.454510
Massachusetts,Florida,51,+36.5,09/03/2016,2016-09-03 12:00:20.454510
New Mexico State,UTEP,60.5,+9,09/03/2016,2016-09-03 12:00:20.454510
Fresno State,Nebraska,63,+28.5,09/03/2016,2016-09-03 12:00:20.454510
USC,Alabama,52,+12.5,09/03/2016,2016-09-03 12:00:20.454510
Clemson,Auburn,63,-9,09/03/2016,2016-09-03 12:00:20.454510
BYU,Arizona,61,-1.5,09/03/2016,2016-09-03 12:00:20.454510
Northern Illinois,Wyoming,54,-8,09/03/2016,2016-09-03 12:00:20.454510
Miami Ohio,Iowa,52,+27.5,09/03/2016,2016-09-03 12:06:21.384999
UCLA,Texas A&M,53.5,+3,09/03/2016,2016-09-03 12:06:21.384999
New Mexico State,UTEP,60.5,+9.5,09/03/2016,2016-09-03 12:06:21.384999
Kent State,Penn State,45,+23,09/03/2016,2016-09-03 12:12:18.521334
SMU,North Texas,67.5,-9,09/03/2016,2016-09-03 12:12:18.521334
San Jose State,Tulsa,70,+5,09/03/2016,2016-09-03 12:12:18.521334
Southern Miss,Kentucky,63.5,+3.5,09/03/2016,2016-09-03 12:12:18.521334
Massachusetts,Florida,50.5,+36.5,09/03/2016,2016-09-03 12:12:18.521334
Louisiana Tech,Arkansas,52.5,+24,09/03/2016,2016-09-03 12:18:17.428212
Miami Ohio,Iowa,51,+27.5,09/03/2016,2016-09-03 12:24:14.685659
Louisiana Tech,Arkansas,52.5,+23.5,09/03/2016,2016-09-03 12:24:14.685659
UCLA,Texas A&M,53.5,+3.5,09/03/2016,2016-09-03 12:36:19.776847
Massachusetts,Florida,50.5,+35.5,09/03/2016,2016-09-03 12:42:08.014094
Clemson,Auburn,62.5,-9,09/03/2016,2016-09-03 12:42:08.014094
Rutgers,Washington,55.5,+25,09/03/2016,2016-09-03 12:48:15.688928
SMU,North Texas,66.5,-9,09/03/2016,2016-09-03 13:18:20.097023
Texas State,Ohio,59.5,+19,09/03/2016,2016-09-03 13:24:19.116505
North Carolina,Georgia,59,+3.5,09/03/2016,2016-09-03 13:42:07.874372
Clemson,Auburn,63.5,-9,09/03/2016,2016-09-03 13:54:10.804537
Southern Miss,Kentucky,63,+3.5,09/03/2016,2016-09-03 14:06:16.508701
Kent State,Penn State,45,+23.5,09/03/2016,2016-09-03 14:18:06.016264
UCLA,Texas A&M,54,+3.5,09/03/2016,2016-09-03 14:18:06.016264
Louisiana Tech,Arkansas,52.5,+23,09/03/2016,2016-09-03 14:18:06.016264
LSU,Wisconsin,44.5,-13,09/03/2016,2016-09-03 14:24:23.195082
Louisiana Tech,Arkansas,53,+22,09/03/2016,2016-09-03 14:24:23.195082
Clemson,Auburn,63.5,-8.5,09/03/2016,2016-09-03 14:24:23.195082
BYU,Arizona,61.5,-1.5,09/03/2016,2016-09-03 14:24:23.195082
Miami Ohio,Iowa,51.5,+27.5,09/03/2016,2016-09-03 14:30:20.673386
Kent State,Penn State,44,+23.5,09/03/2016,2016-09-03 14:30:20.673386
Texas State,Ohio,60.5,+18,09/03/2016,2016-09-03 14:30:20.673386
Clemson,Auburn,63,-8.5,09/03/2016,2016-09-03 14:30:20.673386
Texas State,Ohio,59.5,+18,09/03/2016,2016-09-03 14:36:22.398801
North Carolina,Georgia,59.5,+3.5,09/03/2016,2016-09-03 14:36:22.398801
Northern Illinois,Wyoming,54,-7.5,09/03/2016,2016-09-03 14:36:22.398801
UCLA,Texas A&M,54,+4,09/03/2016,2016-09-03 14:42:22.773651
UCLA,Texas A&M,54,+5,09/03/2016,2016-09-03 14:48:22.377955
Louisiana Tech,Arkansas,53,+21,09/03/2016,2016-09-03 14:48:22.377955
Massachusetts,Florida,51,+35.5,09/03/2016,2016-09-03 14:48:22.377955
UCLA,Texas A&M,54,+4.5,09/03/2016,2016-09-03 14:54:16.378129
Louisiana Tech,Arkansas,53,+21.5,09/03/2016,2016-09-03 14:54:16.378129
San Jose State,Tulsa,69,+5,09/03/2016,2016-09-03 15:00:24.240476
Fresno State,Nebraska,63,+29,09/03/2016,2016-09-03 15:00:24.240476
UCLA,Texas A&M,55,+4.5,09/03/2016,2016-09-03 15:06:21.523889
Miami Ohio,Iowa,51.5,+28,09/03/2016,2016-09-03 15:12:11.049160
UCLA,Texas A&M,55,+4,09/03/2016,2016-09-03 15:12:11.049160
BYU,Arizona,63,-1.5,09/03/2016,2016-09-03 15:12:11.049160
UCLA,Texas A&M,55.5,+4,09/03/2016,2016-09-03 15:18:15.181381
Kent State,Penn State,44,+24,09/03/2016,2016-09-03 15:24:06.627930
UCLA,Texas A&M,56,+4,09/03/2016,2016-09-03 15:30:21.424191
LSU,Wisconsin,44.5,-13.5,09/03/2016,2016-09-03 15:36:16.665516
Massachusetts,Florida,51,+35,09/03/2016,2016-09-03 15:42:13.055280
Louisiana Tech,Arkansas,53.5,+22,09/03/2016,2016-09-03 15:54:20.935637
SMU,North Texas,67,-8,09/03/2016,2016-09-03 15:54:20.935637
San Jose State,Tulsa,69,+4.5,09/03/2016,2016-09-03 15:54:20.935637
New Mexico State,UTEP,59.5,+9.5,09/03/2016,2016-09-03 16:18:05.963729
USC,Alabama,51.5,+12.5,09/03/2016,2016-09-03 16:18:05.963729
North Carolina,Georgia,60,+3.5,09/03/2016,2016-09-03 16:30:17.279117
USC,Alabama,51.5,+13,09/03/2016,2016-09-03 16:54:20.708852
Northern Illinois,Wyoming,54.5,-7.5,09/03/2016,2016-09-03 17:00:16.750590
Northern Illinois,Wyoming,54.5,-7,09/03/2016,2016-09-03 17:06:10.453847
North Carolina,Georgia,60.5,+3.5,09/03/2016,2016-09-03 17:24:11.121634
North Carolina,Georgia,60.5,+4,09/03/2016,2016-09-03 17:30:18.390765
San Jose State,Tulsa,69,+4,09/03/2016,2016-09-03 17:42:12.647951
New Mexico State,UTEP,59.5,+9,09/03/2016,2016-09-03 17:42:12.647951
SMU,North Texas,66.5,-8,09/03/2016,2016-09-03 17:48:10.259122
San Jose State,Tulsa,68,+4,09/03/2016,2016-09-03 17:48:10.259122
New Mexico State,UTEP,58.5,+9,09/03/2016,2016-09-03 17:48:10.259122
San Jose State,Tulsa,67,+4.5,09/03/2016,2016-09-03 18:18:21.933157
Massachusetts,Florida,51.5,+35.5,09/03/2016,2016-09-03 18:18:21.933157
SMU,North Texas,66,-8,09/03/2016,2016-09-03 18:30:23.228574
SMU,North Texas,66.5,-7.5,09/03/2016,2016-09-03 18:36:14.547944
San Jose State,Tulsa,66,+4.5,09/03/2016,2016-09-03 18:36:14.547944
SMU,North Texas,67.5,-7,09/03/2016,2016-09-03 18:42:19.815137
New Mexico State,UTEP,58.5,+9.5,09/03/2016,2016-09-03 19:18:11.899311
Massachusetts,Florida,51.5,+36,09/03/2016,2016-09-03 19:30:19.480625
Massachusetts,Florida,52,+36,09/03/2016,2016-09-03 19:36:13.934993
USC,Alabama,51.5,+13.5,09/03/2016,2016-09-03 19:36:13.934993
Fresno State,Nebraska,63,+29.5,09/03/2016,2016-09-03 19:48:21.324025
Clemson,Auburn,63,-9.5,09/03/2016,2016-09-03 19:48:21.324025
USC,Alabama,51.5,+14,09/03/2016,2016-09-03 19:54:23.066489
BYU,Arizona,63.5,-1,09/03/2016,2016-09-03 20:24:10.582123
BYU,Arizona,64,-1,09/03/2016,2016-09-03 21:36:16.512267
BYU,Arizona,64,-1.5,09/03/2016,2016-09-03 22:18:13.404465
Northern Illinois,Wyoming,54,-7,09/03/2016,2016-09-03 23:12:09.725758
Mississippi,Florida State,59,+6,09/04/2016,2016-09-05 00:00:21.828333
Mississippi,Florida State,59,+6,09/05/2016,2016-09-05 12:00:15.322037
Mississippi,Florida State,59,+6.5,09/05/2016,2016-09-05 13:54:10.311974
Mississippi,Florida State,58.5,+6.5,09/05/2016,2016-09-05 15:06:08.244653
Mississippi,Florida State,58.5,+6,09/05/2016,2016-09-05 15:54:13.454365
Mississippi,Florida State,58,+6,09/05/2016,2016-09-05 18:00:26.027164
Mississippi,Florida State,58,+5.5,09/05/2016,2016-09-05 18:48:24.589510
Mississippi,Florida State,58,+5,09/05/2016,2016-09-05 19:36:13.730950
Mississippi,Florida State,58,+4.5,09/05/2016,2016-09-05 20:00:12.910582
Maryland,Florida International,57,-10.5,09/08/2016,2016-09-09 00:00:18.133055
Louisville,Syracuse,69,-15,09/08/2016,2016-09-09 00:00:18.133055
Maryland,Florida International,56.5,-10.5,09/09/2016,2016-09-09 12:00:12.853706
Louisville,Syracuse,69,-15,09/09/2016,2016-09-09 12:00:12.853706
Maryland,Florida International,56.5,-11,09/09/2016,2016-09-09 12:06:15.947564
Maryland,Florida International,56.5,-11.5,09/09/2016,2016-09-09 13:18:23.138983
Louisville,Syracuse,69.5,-15,09/09/2016,2016-09-09 13:36:13.058521
Louisville,Syracuse,69.5,-16,09/09/2016,2016-09-09 15:00:19.583202
Maryland,Florida International,56.5,-12,09/09/2016,2016-09-09 16:00:21.749263
Louisville,Syracuse,70,-16,09/09/2016,2016-09-09 17:06:12.789724
Louisville,Syracuse,71,-16,09/09/2016,2016-09-09 17:18:23.158786
Louisville,Syracuse,70.5,-16,09/09/2016,2016-09-09 17:24:11.475969
Louisville,Syracuse,71,-16.5,09/09/2016,2016-09-09 18:36:17.940325
Louisville,Syracuse,71,-17,09/09/2016,2016-09-09 18:48:17.967928
Louisville,Syracuse,71,-17.5,09/09/2016,2016-09-09 18:54:23.490935
Louisville,Syracuse,70,-17,09/09/2016,2016-09-09 19:24:20.307459
Boston College,Massachusetts,38.5,-16.5,09/09/2016,2016-09-10 00:00:14.034486
Rice,Army,52,+8.5,09/09/2016,2016-09-10 00:00:14.034486
Central Florida,Michigan,53.5,+36,09/09/2016,2016-09-10 00:00:14.034486
Penn State,Pittsburgh,47.5,+4,09/09/2016,2016-09-10 00:00:14.034486
Cincinnati,Purdue,59,-5,09/09/2016,2016-09-10 00:00:14.034486
Central Michigan,Oklahoma State,61.5,+20,09/09/2016,2016-09-10 00:00:14.034486
NC State,East Carolina,57,-6,09/09/2016,2016-09-10 00:00:14.034486
Wyoming,Nebraska,58.5,+24.5,09/09/2016,2016-09-10 00:00:14.034486
Troy,Clemson,63.5,+35,09/09/2016,2016-09-10 00:00:14.034486
Georgia State,Air Force,52.5,+21,09/09/2016,2016-09-10 00:00:14.034486
Utah State,USC,59,+16.5,09/09/2016,2016-09-10 00:00:14.034486
Ohio,Kansas,59.5,+2,09/09/2016,2016-09-10 00:00:14.034486
Old Dominion,Appalachian State,54.5,+21,09/09/2016,2016-09-10 00:00:14.034486
Akron,Wisconsin,47,+23.5,09/09/2016,2016-09-10 00:00:14.034486
Tulsa,Ohio State,73,+28.5,09/09/2016,2016-09-10 00:00:14.034486
Wake Forest,Duke,44,+6.5,09/09/2016,2016-09-10 00:00:14.034486
Connecticut,Navy,45,+4,09/09/2016,2016-09-10 00:00:14.034486
Kentucky,Florida,50,+16,09/09/2016,2016-09-10 00:00:14.034486
Nevada,Notre Dame,61.5,+28.5,09/09/2016,2016-09-10 00:00:14.034486
Western Kentucky,Alabama,62.5,+29,09/09/2016,2016-09-10 00:00:14.034486
SMU,Baylor,76,+32,09/09/2016,2016-09-10 00:00:14.034486
Ball State,Indiana,62,+16.5,09/09/2016,2016-09-10 00:00:14.034486
Tex San Antonio,Colorado State,53,+9.5,09/09/2016,2016-09-10 00:00:14.034486
Middle Tennessee State,Vanderbilt,47,+3.5,09/09/2016,2016-09-10 00:00:14.034486
Idaho,Washington,61,+38,09/09/2016,2016-09-10 00:00:14.034486
Florida Atlantic,Miami Florida,63,+25,09/09/2016,2016-09-10 00:00:14.034486
Arkansas,TCU,58,+7,09/09/2016,2016-09-10 00:00:14.034486
UL - Monroe,Oklahoma,65.5,+45.5,09/09/2016,2016-09-10 00:00:14.034486
Northern Illinois,South Florida,57.5,+15.5,09/09/2016,2016-09-10 00:00:14.034486
UTEP,Texas,59,+30,09/09/2016,2016-09-10 00:00:14.034486
South Carolina,Mississippi State,46.5,+7.5,09/09/2016,2016-09-10 00:00:14.034486
Georgia Southern,South Alabama,58,-13.5,09/09/2016,2016-09-10 00:00:14.034486
Eastern Michigan,Missouri,57.5,+24,09/09/2016,2016-09-10 00:00:14.034486
Arkansas State,Auburn,54,+20,09/09/2016,2016-09-10 00:00:14.034486
Iowa State,Iowa,51.5,+15.5,09/09/2016,2016-09-10 00:00:14.034486
North Carolina,Illinois,58.5,-7,09/09/2016,2016-09-10 00:00:14.034486
BYU,Utah,45,+3.5,09/09/2016,2016-09-10 00:00:14.034486
Virginia Tech,Tennessee,53.5,+12,09/09/2016,2016-09-10 00:00:14.034486
New Mexico,New Mexico State,61,-13,09/09/2016,2016-09-10 00:00:14.034486
UNLV,UCLA,58.5,+26.5,09/09/2016,2016-09-10 00:00:14.034486
Texas Tech,Arizona State,80,+1.5,09/09/2016,2016-09-10 00:00:14.034486
Washington State,Boise State,74.5,+10,09/09/2016,2016-09-10 00:00:14.034486
Virginia,Oregon,70.5,+24,09/09/2016,2016-09-10 00:00:14.034486
California,San Diego State,61,+7,09/09/2016,2016-09-10 00:00:14.034486
Rice,Army,51.5,+8.5,09/10/2016,2016-09-10 12:00:25.247341
Central Florida,Michigan,55,+37,09/10/2016,2016-09-10 12:00:25.247341
Penn State,Pittsburgh,44.5,+3.5,09/10/2016,2016-09-10 12:00:25.247341
Cincinnati,Purdue,60,-3.5,09/10/2016,2016-09-10 12:00:25.247341
Central Michigan,Oklahoma State,60,+18,09/10/2016,2016-09-10 12:00:25.247341
NC State,East Carolina,59,-6.5,09/10/2016,2016-09-10 12:00:25.247341
Wyoming,Nebraska,57,+25,09/10/2016,2016-09-10 12:00:25.247341
Troy,Clemson,63.5,+35,09/10/2016,2016-09-10 12:00:25.247341
Georgia State,Air Force,52.5,+21.5,09/10/2016,2016-09-10 12:00:25.247341
Utah State,USC,57,+17,09/10/2016,2016-09-10 12:00:25.247341
Ohio,Kansas,60,+2.5,09/10/2016,2016-09-10 12:00:25.247341
Old Dominion,Appalachian State,54.5,+21,09/10/2016,2016-09-10 12:00:25.247341
Akron,Wisconsin,46,+22.5,09/10/2016,2016-09-10 12:00:25.247341
Tulsa,Ohio State,74,+29,09/10/2016,2016-09-10 12:00:25.247341
Wake Forest,Duke,44,+7,09/10/2016,2016-09-10 12:00:25.247341
Connecticut,Navy,43,+5.5,09/10/2016,2016-09-10 12:00:25.247341
Kentucky,Florida,49.5,+14,09/10/2016,2016-09-10 12:00:25.247341
Nevada,Notre Dame,62.5,+28.5,09/10/2016,2016-09-10 12:00:25.247341
Western Kentucky,Alabama,62.5,+28,09/10/2016,2016-09-10 12:00:25.247341
SMU,Baylor,75.5,+32,09/10/2016,2016-09-10 12:00:25.247341
Ball State,Indiana,62,+16.5,09/10/2016,2016-09-10 12:00:25.247341
Tex San Antonio,Colorado State,53,+8,09/10/2016,2016-09-10 12:00:25.247341
Middle Tennessee State,Vanderbilt,47,+3,09/10/2016,2016-09-10 12:00:25.247341
Idaho,Washington,61,+38,09/10/2016,2016-09-10 12:00:25.247341
Florida Atlantic,Miami Florida,62.5,+25.5,09/10/2016,2016-09-10 12:00:25.247341
Arkansas,TCU,58,+8.5,09/10/2016,2016-09-10 12:00:25.247341
UL - Monroe,Oklahoma,65.5,+45.5,09/10/2016,2016-09-10 12:00:25.247341
Northern Illinois,South Florida,57.5,+14.5,09/10/2016,2016-09-10 12:00:25.247341
UTEP,Texas,58,+31,09/10/2016,2016-09-10 12:00:25.247341
South Carolina,Mississippi State,48,+7.5,09/10/2016,2016-09-10 12:00:25.247341
Georgia Southern,South Alabama,58,-13.5,09/10/2016,2016-09-10 12:00:25.247341
Eastern Michigan,Missouri,58,+23,09/10/2016,2016-09-10 12:00:25.247341
Arkansas State,Auburn,54,+20,09/10/2016,2016-09-10 12:00:25.247341
Iowa State,Iowa,51.5,+15.5,09/10/2016,2016-09-10 12:00:25.247341
North Carolina,Illinois,59,-7,09/10/2016,2016-09-10 12:00:25.247341
BYU,Utah,44.5,+3,09/10/2016,2016-09-10 12:00:25.247341
Virginia Tech,Tennessee,53.5,+11.5,09/10/2016,2016-09-10 12:00:25.247341
New Mexico,New Mexico State,61,-13,09/10/2016,2016-09-10 12:00:25.247341
UNLV,UCLA,58.5,+26.5,09/10/2016,2016-09-10 12:00:25.247341
Texas Tech,Arizona State,80,+1,09/10/2016,2016-09-10 12:00:25.247341
Washington State,Boise State,74.5,+12,09/10/2016,2016-09-10 12:00:25.247341
Virginia,Oregon,71,+23.5,09/10/2016,2016-09-10 12:00:25.247341
California,San Diego State,60,+7,09/10/2016,2016-09-10 12:00:25.247341
Middle Tennessee State,Vanderbilt,47.5,+3,09/10/2016,2016-09-10 12:06:07.309193
Middle Tennessee State,Vanderbilt,48,+3,09/10/2016,2016-09-10 12:12:11.023657
Western Kentucky,Alabama,62,+28,09/10/2016,2016-09-10 12:18:14.394593
Florida Atlantic,Miami Florida,63,+25.5,09/10/2016,2016-09-10 12:24:22.255845
New Mexico,New Mexico State,61,-14,09/10/2016,2016-09-10 12:24:22.255845
Troy,Clemson,63.5,+35.5,09/10/2016,2016-09-10 12:30:21.693848
Ohio,Kansas,60,+3,09/10/2016,2016-09-10 12:30:21.693848
Florida Atlantic,Miami Florida,63,+26,09/10/2016,2016-09-10 12:30:21.693848
Arkansas State,Auburn,54,+20.5,09/10/2016,2016-09-10 12:30:21.693848
Ohio,Kansas,61,+3,09/10/2016,2016-09-10 12:36:14.008750
UNLV,UCLA,58.5,+27,09/10/2016,2016-09-10 12:36:14.008750
Western Kentucky,Alabama,61.5,+28,09/10/2016,2016-09-10 12:42:25.041376
Ball State,Indiana,62.5,+16.5,09/10/2016,2016-09-10 12:42:25.041376
Georgia State,Air Force,52.5,+22.5,09/10/2016,2016-09-10 12:48:15.424230
Utah State,USC,56.5,+17,09/10/2016,2016-09-10 12:48:15.424230
SMU,Baylor,75,+32,09/10/2016,2016-09-10 12:48:15.424230
Tex San Antonio,Colorado State,53,+9,09/10/2016,2016-09-10 12:48:15.424230
UL - Monroe,Oklahoma,66,+45.5,09/10/2016,2016-09-10 12:48:15.424230
Georgia Southern,South Alabama,58,-14,09/10/2016,2016-09-10 12:48:15.424230
North Carolina,Illinois,60,-7,09/10/2016,2016-09-10 12:48:15.424230
Akron,Wisconsin,45,+22.5,09/10/2016,2016-09-10 12:54:19.495338
UL - Monroe,Oklahoma,64.5,+45.5,09/10/2016,2016-09-10 12:54:19.495338
Ohio,Kansas,61,+2.5,09/10/2016,2016-09-10 13:00:13.300284
SMU,Baylor,73.5,+32,09/10/2016,2016-09-10 13:00:13.300284
Arkansas,TCU,58,+9,09/10/2016,2016-09-10 13:06:22.629004
Georgia State,Air Force,53,+22.5,09/10/2016,2016-09-10 13:12:24.645004
Utah State,USC,55.5,+17,09/10/2016,2016-09-10 13:12:24.645004
Tulsa,Ohio State,73.5,+29,09/10/2016,2016-09-10 13:18:10.412175
Wake Forest,Duke,45,+7,09/10/2016,2016-09-10 13:18:10.412175
Middle Tennessee State,Vanderbilt,48.5,+3,09/10/2016,2016-09-10 13:18:10.412175
Virginia Tech,Tennessee,53,+11.5,09/10/2016,2016-09-10 13:18:10.412175
Connecticut,Navy,43,+5,09/10/2016,2016-09-10 13:24:09.212745
Nevada,Notre Dame,62.5,+28,09/10/2016,2016-09-10 13:24:09.212745
Arkansas State,Auburn,54,+21,09/10/2016,2016-09-10 13:30:20.900772
Washington State,Boise State,73,+12,09/10/2016,2016-09-10 13:30:20.900772
Georgia State,Air Force,53,+24,09/10/2016,2016-09-10 13:54:08.261192
Arkansas,TCU,58,+10,09/10/2016,2016-09-10 13:54:08.261192
Middle Tennessee State,Vanderbilt,49.5,+3,09/10/2016,2016-09-10 14:00:20.883740
Middle Tennessee State,Vanderbilt,50,+3,09/10/2016,2016-09-10 14:18:06.942433
Virginia,Oregon,71,+24,09/10/2016,2016-09-10 14:18:06.942433
Akron,Wisconsin,46.5,+22.5,09/10/2016,2016-09-10 14:30:18.388447
Tulsa,Ohio State,73.5,+28.5,09/10/2016,2016-09-10 14:30:18.388447
Connecticut,Navy,43.5,+5,09/10/2016,2016-09-10 14:30:18.388447
Western Kentucky,Alabama,60,+28,09/10/2016,2016-09-10 14:30:18.388447
Western Kentucky,Alabama,60,+27.5,09/10/2016,2016-09-10 14:36:14.305885
Connecticut,Navy,43.5,+4.5,09/10/2016,2016-09-10 14:42:20.613991
Akron,Wisconsin,46,+21.5,09/10/2016,2016-09-10 14:48:08.482591
Tulsa,Ohio State,73,+28.5,09/10/2016,2016-09-10 14:48:08.482591
SMU,Baylor,73,+32,09/10/2016,2016-09-10 14:48:08.482591
Tulsa,Ohio State,73,+29,09/10/2016,2016-09-10 14:54:18.651636
SMU,Baylor,0,0,09/10/2016,2016-09-10 14:54:18.651636
Tex San Antonio,Colorado State,52,+9,09/10/2016,2016-09-10 14:54:18.651636
SMU,Baylor,71.5,+35,09/10/2016,2016-09-10 15:00:25.791077
Old Dominion,Appalachian State,54,+21.5,09/10/2016,2016-09-10 15:06:22.862418
SMU,Baylor,72,+35,09/10/2016,2016-09-10 15:18:24.142845
Tex San Antonio,Colorado State,52,+8.5,09/10/2016,2016-09-10 15:18:24.142845
Arkansas,TCU,58,+9.5,09/10/2016,2016-09-10 15:18:24.142845
SMU,Baylor,72,+34,09/10/2016,2016-09-10 15:24:21.941940
Tex San Antonio,Colorado State,52,+8,09/10/2016,2016-09-10 15:24:21.941940
Akron,Wisconsin,46.5,+21.5,09/10/2016,2016-09-10 15:30:12.052162
Connecticut,Navy,43.5,+4,09/10/2016,2016-09-10 15:30:12.052162
Nevada,Notre Dame,63,+28,09/10/2016,2016-09-10 15:30:12.052162
Western Kentucky,Alabama,59.5,+27.5,09/10/2016,2016-09-10 15:30:12.052162
SMU,Baylor,72.5,+34,09/10/2016,2016-09-10 15:30:12.052162
Ball State,Indiana,63,+17,09/10/2016,2016-09-10 15:54:16.001571
Idaho,Washington,61,+36.5,09/10/2016,2016-09-10 15:54:16.001571
Arkansas State,Auburn,52,+21,09/10/2016,2016-09-10 15:54:16.001571
Ball State,Indiana,64,+17,09/10/2016,2016-09-10 16:00:18.080532
UL - Monroe,Oklahoma,64,+45.5,09/10/2016,2016-09-10 16:42:06.140549
Idaho,Washington,61,+37,09/10/2016,2016-09-10 16:48:07.851260
UTEP,Texas,58.5,+31,09/10/2016,2016-09-10 16:48:07.851260
Washington State,Boise State,73,+12.5,09/10/2016,2016-09-10 16:48:07.851260
Idaho,Washington,60.5,+37,09/10/2016,2016-09-10 16:54:17.327844
Arkansas State,Auburn,52,+21.5,09/10/2016,2016-09-10 17:06:20.747854
UL - Monroe,Oklahoma,63.5,+45.5,09/10/2016,2016-09-10 17:18:10.250453
Northern Illinois,South Florida,57,+14.5,09/10/2016,2016-09-10 17:18:10.250453
Iowa State,Iowa,51,+15.5,09/10/2016,2016-09-10 17:18:10.250453
Eastern Michigan,Missouri,58.5,+23,09/10/2016,2016-09-10 17:30:21.900751
Florida Atlantic,Miami Florida,62.5,+26,09/10/2016,2016-09-10 17:42:23.442770
Virginia Tech,Tennessee,53,+11,09/10/2016,2016-09-10 17:54:06.151621
Texas Tech,Arizona State,80,0,09/10/2016,2016-09-10 17:54:06.151621
New Mexico,New Mexico State,61.5,-13,09/10/2016,2016-09-10 18:36:13.801857
New Mexico,New Mexico State,61.5,-12.5,09/10/2016,2016-09-10 18:42:20.185752
Texas Tech,Arizona State,80,-1,09/10/2016,2016-09-10 18:48:19.592331
Arkansas,TCU,58.5,+10,09/10/2016,2016-09-10 18:54:12.485201
UL - Monroe,Oklahoma,63.5,+46,09/10/2016,2016-09-10 18:54:12.485201
Northern Illinois,South Florida,56,+14.5,09/10/2016,2016-09-10 18:54:12.485201
South Carolina,Mississippi State,50,+7.5,09/10/2016,2016-09-10 18:54:12.485201
South Carolina,Mississippi State,51,+7.5,09/10/2016,2016-09-10 19:00:20.890348
UNLV,UCLA,58,+27,09/10/2016,2016-09-10 19:00:20.890348
Washington State,Boise State,73,+13,09/10/2016,2016-09-10 19:12:11.214354
Iowa State,Iowa,50,+15.5,09/10/2016,2016-09-10 19:18:21.437548
California,San Diego State,60,+6.5,09/10/2016,2016-09-10 19:18:21.437548
Eastern Michigan,Missouri,59,+23,09/10/2016,2016-09-10 19:30:21.022412
New Mexico,New Mexico State,61.5,-12,09/10/2016,2016-09-10 19:30:21.022412
Texas Tech,Arizona State,80,-1.5,09/10/2016,2016-09-10 19:30:21.022412
BYU,Utah,43.5,+3,09/10/2016,2016-09-10 19:36:18.379958
UNLV,UCLA,58,+27.5,09/10/2016,2016-09-10 19:36:18.379958
Virginia,Oregon,71,+24.5,09/10/2016,2016-09-10 19:48:07.635137
New Mexico,New Mexico State,61.5,-11.5,09/10/2016,2016-09-10 19:54:07.506744
Virginia Tech,Tennessee,52.5,+11,09/10/2016,2016-09-10 20:12:10.158752
Texas Tech,Arizona State,80.5,-1.5,09/10/2016,2016-09-10 20:12:10.158752
Virginia,Oregon,71.5,+24.5,09/10/2016,2016-09-10 20:18:11.502681
Washington State,Boise State,73.5,+13,09/10/2016,2016-09-10 20:30:17.509626
Washington State,Boise State,74,+13,09/10/2016,2016-09-10 20:36:22.526530
Washington State,Boise State,74,+13.5,09/10/2016,2016-09-10 21:06:11.847363
Texas Tech,Arizona State,80.5,-2,09/10/2016,2016-09-10 21:12:08.157547
California,San Diego State,60,+6,09/10/2016,2016-09-10 21:12:08.157547
Washington State,Boise State,74.5,+13.5,09/10/2016,2016-09-10 21:24:21.615761
Texas Tech,Arizona State,80,-2,09/10/2016,2016-09-10 21:36:05.751397
Texas Tech,Arizona State,80.5,-2.5,09/10/2016,2016-09-10 21:48:18.428931
Virginia,Oregon,72,+24.5,09/10/2016,2016-09-10 21:54:09.809203
California,San Diego State,60,+5.5,09/10/2016,2016-09-10 22:24:24.853399
Houston,Cincinnati,65,-8,09/14/2016,2016-09-15 00:00:26.075716
Houston,Cincinnati,65,-7.5,09/15/2016,2016-09-15 12:00:32.138600
Houston,Cincinnati,65,-8,09/15/2016,2016-09-15 16:42:10.511661
Houston,Cincinnati,65,-8.5,09/15/2016,2016-09-15 17:48:20.167804
Houston,Cincinnati,64,-8,09/15/2016,2016-09-15 19:18:21.658912
Baylor,Rice,65.5,-31.5,09/15/2016,2016-09-16 00:00:18.575502
Arkansas State,Utah State,55.5,+9,09/15/2016,2016-09-16 00:00:18.575502
Arizona State,Tex San Antonio,60,-21,09/15/2016,2016-09-16 00:00:18.575502
Baylor,Rice,65.5,-31.5,09/16/2016,2016-09-16 11:07:43.734494
Arkansas State,Utah State,56,+9,09/16/2016,2016-09-16 11:07:43.734494
Arizona State,Tex San Antonio,60,-21,09/16/2016,2016-09-16 11:07:43.734494
Baylor,Rice,66,-31.5,09/16/2016,2016-09-16 12:30:17.594963
Arizona State,Tex San Antonio,60,-21.5,09/16/2016,2016-09-16 13:36:19.047241
Baylor,Rice,66.5,-31.5,09/16/2016,2016-09-16 15:48:25.598385
Baylor,Rice,66.5,-32,09/16/2016,2016-09-16 16:00:33.571243
Baylor,Rice,66.5,-32.5,09/16/2016,2016-09-16 16:06:17.292198
Baylor,Rice,67,-32.5,09/16/2016,2016-09-16 17:00:20.453321
Arkansas State,Utah State,56,+9.5,09/16/2016,2016-09-16 17:00:20.453321
Arizona State,Tex San Antonio,60.5,-21.5,09/16/2016,2016-09-16 17:00:20.453321
Baylor,Rice,67,-33,09/16/2016,2016-09-16 17:24:22.181093
Arkansas State,Utah State,55.5,+9.5,09/16/2016,2016-09-16 17:36:19.988061
Baylor,Rice,67,-33.5,09/16/2016,2016-09-16 18:00:35.148405
Arizona State,Tex San Antonio,60.5,-22,09/16/2016,2016-09-16 18:12:14.463192
Baylor,Rice,66.5,-34,09/16/2016,2016-09-16 18:30:11.419709
Baylor,Rice,66.5,-33.5,09/16/2016,2016-09-16 18:36:08.219447
Arizona State,Tex San Antonio,60,-22,09/16/2016,2016-09-16 18:48:09.710597
Arizona State,Tex San Antonio,59.5,-22,09/16/2016,2016-09-16 19:06:21.327794
Arkansas State,Utah State,55.5,+9,09/16/2016,2016-09-16 19:36:19.625825
Arizona State,Tex San Antonio,59,-22,09/16/2016,2016-09-16 19:54:14.825568
Arizona State,Tex San Antonio,59,-21.5,09/16/2016,2016-09-16 21:06:17.041544
Florida State,Louisville,68,-1,09/16/2016,2016-09-17 00:00:28.248944
Temple,Penn State,51,+9,09/16/2016,2016-09-17 00:00:28.248944
Iowa State,TCU,61.5,+25.5,09/16/2016,2016-09-17 00:00:28.248944
New Mexico,Rutgers,57.5,+6.5,09/16/2016,2016-09-17 00:00:28.248944
Middle Tennessee State,Bowling Green,73,-6.5,09/16/2016,2016-09-17 00:00:28.248944
Georgia State,Wisconsin,50.5,+35.5,09/16/2016,2016-09-17 00:00:28.248944
Ohio,Tennessee,58,+27,09/16/2016,2016-09-17 00:00:28.248944
Akron,Marshall,56.5,+17.5,09/16/2016,2016-09-17 00:00:28.248944
Miami Florida,Appalachian State,52,-4,09/16/2016,2016-09-17 00:00:28.248944
Kansas,Memphis,60.5,+21,09/16/2016,2016-09-17 00:00:28.248944
Vanderbilt,Georgia Tech,43,+6,09/16/2016,2016-09-17 00:00:28.248944
Virginia,Connecticut,48.5,+4,09/16/2016,2016-09-17 00:00:28.248944
Idaho,Washington State,68.5,+27.5,09/16/2016,2016-09-17 00:00:28.248944
Florida Atlantic,Kansas State,49.5,+25.5,09/16/2016,2016-09-17 00:00:28.248944
UNLV,Central Michigan,55,+12,09/16/2016,2016-09-17 00:00:28.248944
Fresno State,Toledo,58,+21,09/16/2016,2016-09-17 00:00:28.248944
Colorado,Michigan,56.5,+18.5,09/16/2016,2016-09-17 00:00:28.248944
Florida International,Massachusetts,47.5,+1,09/16/2016,2016-09-17 00:00:28.248944
Boston College,Virginia Tech,40.5,+6,09/16/2016,2016-09-17 00:00:28.248944
South Florida,Syracuse,74.5,-14,09/16/2016,2016-09-17 00:00:28.248944
San Diego State,Northern Illinois,50,-11,09/16/2016,2016-09-17 00:00:28.248944
Western Kentucky,Miami Ohio,62.5,-17,09/16/2016,2016-09-17 00:00:28.248944
Oregon,Nebraska,74.5,+3,09/16/2016,2016-09-17 00:00:28.248944
Pittsburgh,Oklahoma State,59,+3.5,09/16/2016,2016-09-17 00:00:28.248944
Alabama,Mississippi,55,-10.5,09/16/2016,2016-09-17 00:00:28.248944
Western Michigan,Illinois,54,-3,09/16/2016,2016-09-17 00:00:28.248944
East Carolina,South Carolina,50.5,+3,09/16/2016,2016-09-17 00:00:28.248944
New Mexico State,Kentucky,66.5,+22,09/16/2016,2016-09-17 00:00:28.248944
Eastern Michigan,Charlotte,67,-2.5,09/16/2016,2016-09-17 00:00:28.248944
UL - Monroe,Georgia Southern,59,+26,09/16/2016,2016-09-17 00:00:28.248944
Old Dominion,NC State,58,+23.5,09/16/2016,2016-09-17 00:00:28.248944
Maryland,Central Florida,59.5,-10,09/16/2016,2016-09-17 00:00:28.248944
Army,UTEP,47,-3.5,09/16/2016,2016-09-17 00:00:28.248944
Louisiana Tech,Texas Tech,81,+10.5,09/16/2016,2016-09-17 00:00:28.248944
Troy,Southern Miss,66,+10.5,09/16/2016,2016-09-17 00:00:28.248944
South Alabama,UL - Lafayette,54,+2.5,09/16/2016,2016-09-17 00:00:28.248944
Texas A&M,Auburn,54,+3,09/16/2016,2016-09-17 00:00:28.248944
Mississippi State,LSU,45,+13.5,09/16/2016,2016-09-17 00:00:28.248944
Navy,Tulane,43.5,-6,09/16/2016,2016-09-17 00:00:28.248944
North Texas,Florida,52,+36.5,09/16/2016,2016-09-17 00:00:28.248944
Texas State,Arkansas,61.5,+30.5,09/16/2016,2016-09-17 00:00:28.248944
Michigan State,Notre Dame,50.5,+7,09/16/2016,2016-09-17 00:00:28.248944
Ohio State,Oklahoma,63.5,-1.5,09/16/2016,2016-09-17 00:00:28.248944
Georgia,Missouri,55,-7,09/16/2016,2016-09-17 00:00:28.248944
Duke,Northwestern,44.5,+4,09/16/2016,2016-09-17 00:00:28.248944
USC,Stanford,52.5,+9,09/16/2016,2016-09-17 00:00:28.248944
Buffalo,Nevada,51,+10.5,09/16/2016,2016-09-17 00:00:28.248944
UCLA,BYU,49,-3,09/16/2016,2016-09-17 00:00:28.248944
Texas,California,81.5,-7,09/16/2016,2016-09-17 00:00:28.248944
Utah,San Jose State,47,-13,09/16/2016,2016-09-17 00:00:28.248944
Hawaii,Arizona,64.5,+24,09/16/2016,2016-09-17 00:00:28.248944
Florida State,Louisville,66.5,+2.5,09/17/2016,2016-09-17 12:00:30.507654
Temple,Penn State,48,+9,09/17/2016,2016-09-17 12:00:30.507654
Iowa State,TCU,60,+26,09/17/2016,2016-09-17 12:00:30.507654
New Mexico,Rutgers,56,+7.5,09/17/2016,2016-09-17 12:00:30.507654
Ohio,Tennessee,58.5,+27,09/17/2016,2016-09-17 12:00:30.507654
Akron,Marshall,55.5,+17.5,09/17/2016,2016-09-17 12:00:30.507654
Miami Florida,Appalachian State,51.5,-3.5,09/17/2016,2016-09-17 12:00:30.507654
Kansas,Memphis,59.5,+20.5,09/17/2016,2016-09-17 12:00:30.507654
Vanderbilt,Georgia Tech,44.5,+6,09/17/2016,2016-09-17 12:00:30.507654
Virginia,Connecticut,47.5,+3,09/17/2016,2016-09-17 12:00:30.507654
Idaho,Washington State,69.5,+27.5,09/17/2016,2016-09-17 12:00:30.507654
Florida Atlantic,Kansas State,49.5,+24,09/17/2016,2016-09-17 12:00:30.507654
UNLV,Central Michigan,55.5,+11.5,09/17/2016,2016-09-17 12:00:30.507654
Fresno State,Toledo,58.5,+22,09/17/2016,2016-09-17 12:00:30.507654
Colorado,Michigan,56,+18,09/17/2016,2016-09-17 12:00:30.507654
Florida International,Massachusetts,49,0,09/17/2016,2016-09-17 12:00:30.507654
Boston College,Virginia Tech,40,+6,09/17/2016,2016-09-17 12:00:30.507654
South Florida,Syracuse,75,-14,09/17/2016,2016-09-17 12:00:30.507654
San Diego State,Northern Illinois,49,-11,09/17/2016,2016-09-17 12:00:30.507654
Western Kentucky,Miami Ohio,63.5,-17,09/17/2016,2016-09-17 12:00:30.507654
Oregon,Nebraska,74,+3,09/17/2016,2016-09-17 12:00:30.507654
Pittsburgh,Oklahoma State,59,+3.5,09/17/2016,2016-09-17 12:00:30.507654
Alabama,Mississippi,53,-10.5,09/17/2016,2016-09-17 12:00:30.507654
Western Michigan,Illinois,55.5,-3,09/17/2016,2016-09-17 12:00:30.507654
East Carolina,South Carolina,50.5,+3,09/17/2016,2016-09-17 12:00:30.507654
New Mexico State,Kentucky,66.5,+22,09/17/2016,2016-09-17 12:00:30.507654
Eastern Michigan,Charlotte,65.5,-2.5,09/17/2016,2016-09-17 12:00:30.507654
UL - Monroe,Georgia Southern,58.5,+26,09/17/2016,2016-09-17 12:00:30.507654
Old Dominion,NC State,58,+24.5,09/17/2016,2016-09-17 12:00:30.507654
Maryland,Central Florida,58,-11,09/17/2016,2016-09-17 12:00:30.507654
Army,UTEP,47,-3.5,09/17/2016,2016-09-17 12:00:30.507654
Louisiana Tech,Texas Tech,81.5,+10.5,09/17/2016,2016-09-17 12:00:30.507654
Troy,Southern Miss,64.5,+10.5,09/17/2016,2016-09-17 12:00:30.507654
South Alabama,UL - Lafayette,53,+2.5,09/17/2016,2016-09-17 12:00:30.507654
Texas A&M,Auburn,54,+3,09/17/2016,2016-09-17 12:00:30.507654
Mississippi State,LSU,45.5,+13.5,09/17/2016,2016-09-17 12:00:30.507654
Navy,Tulane,43.5,-6,09/17/2016,2016-09-17 12:00:30.507654
North Texas,Florida,52.5,+36,09/17/2016,2016-09-17 12:00:30.507654
Texas State,Arkansas,61.5,+29.5,09/17/2016,2016-09-17 12:00:30.507654
Michigan State,Notre Dame,51,+7,09/17/2016,2016-09-17 12:00:30.507654
Ohio State,Oklahoma,62,-1,09/17/2016,2016-09-17 12:00:30.507654
Georgia,Missouri,55,-7,09/17/2016,2016-09-17 12:00:30.507654
Duke,Northwestern,47,+4,09/17/2016,2016-09-17 12:00:30.507654
USC,Stanford,51.5,+8,09/17/2016,2016-09-17 12:00:30.507654
Buffalo,Nevada,51,+10.5,09/17/2016,2016-09-17 12:00:30.507654
UCLA,BYU,50,-3.5,09/17/2016,2016-09-17 12:00:30.507654
Texas,California,82,-7.5,09/17/2016,2016-09-17 12:00:30.507654
Utah,San Jose State,47,-12.5,09/17/2016,2016-09-17 12:00:30.507654
Hawaii,Arizona,64.5,+23,09/17/2016,2016-09-17 12:00:30.507654
Fresno State,Toledo,58,+22,09/17/2016,2016-09-17 12:12:20.144881
Colorado,Michigan,56,+18.5,09/17/2016,2016-09-17 12:18:24.444344
Western Michigan,Illinois,56,-3,09/17/2016,2016-09-17 12:18:24.444344
UL - Monroe,Georgia Southern,58.5,+26.5,09/17/2016,2016-09-17 12:24:19.762153
Texas State,Arkansas,61.5,+29,09/17/2016,2016-09-17 12:24:19.762153
Texas A&M,Auburn,54,+2.5,09/17/2016,2016-09-17 12:30:24.494208
Michigan State,Notre Dame,51.5,+7,09/17/2016,2016-09-17 12:30:24.494208
Texas A&M,Auburn,55.5,+2.5,09/17/2016,2016-09-17 12:36:22.282078
Florida International,Massachusetts,49,-1,09/17/2016,2016-09-17 12:54:10.436013
Colorado,Michigan,55.5,+18,09/17/2016,2016-09-17 13:06:07.055661
East Carolina,South Carolina,50.5,+2.5,09/17/2016,2016-09-17 13:06:07.055661
San Diego State,Northern Illinois,48,-11,09/17/2016,2016-09-17 13:12:25.138528
Texas,California,81,-7.5,09/17/2016,2016-09-17 13:12:25.138528
Pittsburgh,Oklahoma State,59,+3,09/17/2016,2016-09-17 13:24:25.790905
Pittsburgh,Oklahoma State,57.5,+3,09/17/2016,2016-09-17 13:30:26.023759
Texas,California,81.5,-7.5,09/17/2016,2016-09-17 13:30:26.023759
South Alabama,UL - Lafayette,53,+2,09/17/2016,2016-09-17 13:42:14.652351
Troy,Southern Miss,64.5,+9.5,09/17/2016,2016-09-17 13:48:09.029072
Idaho,Washington State,69.5,+28,09/17/2016,2016-09-17 13:54:13.139959
East Carolina,South Carolina,50.5,+2,09/17/2016,2016-09-17 13:54:13.139959
Navy,Tulane,43.5,-6.5,09/17/2016,2016-09-17 14:00:19.009570
Western Kentucky,Miami Ohio,63.5,-17.5,09/17/2016,2016-09-17 14:06:24.530209
East Carolina,South Carolina,51,+2,09/17/2016,2016-09-17 14:12:17.589108
Fresno State,Toledo,58,+22.5,09/17/2016,2016-09-17 14:24:18.320442
South Florida,Syracuse,75,-13.5,09/17/2016,2016-09-17 14:24:18.320442
Pittsburgh,Oklahoma State,57.5,+3.5,09/17/2016,2016-09-17 14:24:18.320442
Alabama,Mississippi,53.5,-10.5,09/17/2016,2016-09-17 14:24:18.320442
New Mexico State,Kentucky,66,+22,09/17/2016,2016-09-17 14:24:18.320442
Georgia,Missouri,54.5,-7,09/17/2016,2016-09-17 14:24:18.320442
San Diego State,Northern Illinois,48,-11.5,09/17/2016,2016-09-17 14:30:24.807419
Western Kentucky,Miami Ohio,63,-17.5,09/17/2016,2016-09-17 14:30:24.807419
North Texas,Florida,52.5,+35,09/17/2016,2016-09-17 14:30:24.807419
Texas State,Arkansas,61.5,+28.5,09/17/2016,2016-09-17 14:30:24.807419
San Diego State,Northern Illinois,48,-12,09/17/2016,2016-09-17 14:36:16.188088
Maryland,Central Florida,57,-11,09/17/2016,2016-09-17 14:36:16.188088
South Alabama,UL - Lafayette,53,+1.5,09/17/2016,2016-09-17 14:36:16.188088
Ohio State,Oklahoma,62,-1.5,09/17/2016,2016-09-17 14:36:16.188088
Fresno State,Toledo,58.5,+22.5,09/17/2016,2016-09-17 14:42:14.077506
San Diego State,Northern Illinois,48.5,-12,09/17/2016,2016-09-17 14:42:14.077506
UL - Monroe,Georgia Southern,57.5,+26.5,09/17/2016,2016-09-17 14:42:14.077506
Army,UTEP,46.5,-3.5,09/17/2016,2016-09-17 14:42:14.077506
South Alabama,UL - Lafayette,52.5,+1.5,09/17/2016,2016-09-17 14:42:14.077506
Duke,Northwestern,47,+4.5,09/17/2016,2016-09-17 14:42:14.077506
USC,Stanford,51.5,+7.5,09/17/2016,2016-09-17 14:42:14.077506
UCLA,BYU,49.5,-3.5,09/17/2016,2016-09-17 14:42:14.077506
San Diego State,Northern Illinois,48.5,-13,09/17/2016,2016-09-17 14:48:18.374263
South Florida,Syracuse,75,-12.5,09/17/2016,2016-09-17 14:54:18.027052
Alabama,Mississippi,53.5,-11,09/17/2016,2016-09-17 15:06:18.338702
Mississippi State,LSU,46.5,+13.5,09/17/2016,2016-09-17 15:06:18.338702
North Texas,Florida,52.5,+34.5,09/17/2016,2016-09-17 15:06:18.338702
Western Kentucky,Miami Ohio,64,-17.5,09/17/2016,2016-09-17 15:12:20.320707
Oregon,Nebraska,73.5,+3,09/17/2016,2016-09-17 15:12:20.320707
UL - Monroe,Georgia Southern,57.5,+27,09/17/2016,2016-09-17 15:12:20.320707
Western Kentucky,Miami Ohio,64,-18,09/17/2016,2016-09-17 15:18:25.156550
Colorado,Michigan,56.5,+18.5,09/17/2016,2016-09-17 15:30:10.892462
Oregon,Nebraska,73,+3,09/17/2016,2016-09-17 15:30:10.892462
Alabama,Mississippi,54,-11.5,09/17/2016,2016-09-17 15:30:10.892462
Ohio State,Oklahoma,62,-2,09/17/2016,2016-09-17 15:48:08.871281
New Mexico State,Kentucky,65.5,+22,09/17/2016,2016-09-17 15:54:13.275737
Maryland,Central Florida,56.5,-11,09/17/2016,2016-09-17 15:54:13.275737
Eastern Michigan,Charlotte,64.5,-2.5,09/17/2016,2016-09-17 16:00:23.708196
Troy,Southern Miss,64,+9.5,09/17/2016,2016-09-17 16:18:09.361519
Buffalo,Nevada,50.5,+10.5,09/17/2016,2016-09-17 16:18:09.361519
Texas A&M,Auburn,55.5,+1.5,09/17/2016,2016-09-17 16:24:08.725755
Eastern Michigan,Charlotte,64.5,-2,09/17/2016,2016-09-17 16:30:14.364057
Eastern Michigan,Charlotte,64,-2,09/17/2016,2016-09-17 16:36:07.016660
Louisiana Tech,Texas Tech,82,+10.5,09/17/2016,2016-09-17 16:42:05.828118
Eastern Michigan,Charlotte,63.5,-2,09/17/2016,2016-09-17 16:48:19.613965
Texas A&M,Auburn,55.5,+1,09/17/2016,2016-09-17 16:48:19.613965
Troy,Southern Miss,63,+9.5,09/17/2016,2016-09-17 16:54:11.169610
Duke,Northwestern,47.5,+4,09/17/2016,2016-09-17 16:54:11.169610
Eastern Michigan,Charlotte,63,-2,09/17/2016,2016-09-17 17:06:10.712895
Louisiana Tech,Texas Tech,82.5,+10.5,09/17/2016,2016-09-17 17:18:20.574386
Navy,Tulane,43.5,-7,09/17/2016,2016-09-17 17:18:20.574386
North Texas,Florida,52.5,+34,09/17/2016,2016-09-17 17:18:20.574386
Louisiana Tech,Texas Tech,83.5,+10.5,09/17/2016,2016-09-17 17:24:24.233202
Navy,Tulane,42.5,-7,09/17/2016,2016-09-17 17:30:12.163739
Hawaii,Arizona,64,+23,09/17/2016,2016-09-17 17:30:12.163739
Louisiana Tech,Texas Tech,83.5,+11,09/17/2016,2016-09-17 17:36:13.024092
USC,Stanford,52,+7.5,09/17/2016,2016-09-17 17:36:13.024092
Ohio State,Oklahoma,62,-2.5,09/17/2016,2016-09-17 17:54:21.418099
Troy,Southern Miss,62,+9.5,09/17/2016,2016-09-17 18:00:14.442188
Texas A&M,Auburn,55,+1,09/17/2016,2016-09-17 18:00:14.442188
Michigan State,Notre Dame,50.5,+7,09/17/2016,2016-09-17 18:12:18.655937
Ohio State,Oklahoma,61,-2.5,09/17/2016,2016-09-17 18:12:18.655937
Ohio State,Oklahoma,60,-2.5,09/17/2016,2016-09-17 18:24:20.140230
Hawaii,Arizona,64,+23.5,09/17/2016,2016-09-17 18:36:08.812178
North Texas,Florida,52.5,+33.5,09/17/2016,2016-09-17 18:48:08.113876
Ohio State,Oklahoma,58.5,-2.5,09/17/2016,2016-09-17 18:48:08.113876
Louisiana Tech,Texas Tech,83.5,+11.5,09/17/2016,2016-09-17 18:54:09.478486
Texas A&M,Auburn,55,+1.5,09/17/2016,2016-09-17 18:54:09.478486
Mississippi State,LSU,47,+13.5,09/17/2016,2016-09-17 18:54:09.478486
Ohio State,Oklahoma,59,-2.5,09/17/2016,2016-09-17 18:54:09.478486
Georgia,Missouri,54,-7,09/17/2016,2016-09-17 19:00:19.091772
Buffalo,Nevada,50.5,+11,09/17/2016,2016-09-17 19:18:07.783043
Duke,Northwestern,46,+4,09/17/2016,2016-09-17 19:24:06.567106
Ohio State,Oklahoma,59.5,-2.5,09/17/2016,2016-09-17 19:24:06.567106
Buffalo,Nevada,50.5,+12,09/17/2016,2016-09-17 19:24:06.567106
Utah,San Jose State,46.5,-12.5,09/17/2016,2016-09-17 19:24:06.567106
Duke,Northwestern,45.5,+4,09/17/2016,2016-09-17 19:36:09.031332
Duke,Northwestern,45,+4,09/17/2016,2016-09-17 19:48:12.910935
Texas,California,81.5,-8,09/17/2016,2016-09-17 20:00:32.535909
Utah,San Jose State,46.5,-13,09/17/2016,2016-09-17 20:12:07.124391
UCLA,BYU,51,-3.5,09/17/2016,2016-09-17 20:36:13.587237
UCLA,BYU,51.5,-3.5,09/17/2016,2016-09-17 20:48:16.857227
UCLA,BYU,52,-3.5,09/17/2016,2016-09-17 21:24:18.315879
Texas,California,81.5,-8.5,09/17/2016,2016-09-17 21:30:10.711865
Hawaii,Arizona,63.5,+23.5,09/17/2016,2016-09-17 21:54:17.194450
Hawaii,Arizona,63,+23.5,09/17/2016,2016-09-17 22:00:10.456373
Texas,California,81,-8.5,09/17/2016,2016-09-17 22:24:19.558403
Clemson,Georgia Tech,58.5,-10,09/21/2016,2016-09-22 00:00:27.248851
Clemson,Georgia Tech,58.5,-10,09/22/2016,2016-09-22 12:00:24.785022
Clemson,Georgia Tech,59,-10,09/22/2016,2016-09-22 14:06:15.886835
Clemson,Georgia Tech,58.5,-10.5,09/22/2016,2016-09-22 18:00:20.225632
Clemson,Georgia Tech,59,-10.5,09/22/2016,2016-09-22 18:18:21.419670
Clemson,Georgia Tech,58,-10.5,09/22/2016,2016-09-22 19:24:26.495208
Wyoming,Eastern Michigan,62.5,-3,09/22/2016,2016-09-23 00:00:23.138239
TCU,SMU,64.5,-20,09/22/2016,2016-09-23 00:00:23.138239
USC,Utah,46.5,+3.5,09/22/2016,2016-09-23 00:00:23.138239
Wyoming,Eastern Michigan,61.5,-3.5,09/23/2016,2016-09-23 12:00:17.869904
TCU,SMU,66,-21.5,09/23/2016,2016-09-23 12:00:17.869904
USC,Utah,46.5,+3,09/23/2016,2016-09-23 12:00:17.869904
Wyoming,Eastern Michigan,61.5,-4,09/23/2016,2016-09-23 15:18:09.262822
TCU,SMU,66.5,-21.5,09/23/2016,2016-09-23 15:18:09.262822
Wyoming,Eastern Michigan,61.5,-4.5,09/23/2016,2016-09-23 15:24:09.963397
USC,Utah,46,+3,09/23/2016,2016-09-23 16:30:22.416386
TCU,SMU,67,-21.5,09/23/2016,2016-09-23 16:54:16.924817
TCU,SMU,68,-21.5,09/23/2016,2016-09-23 17:00:30.961063
Wyoming,Eastern Michigan,61.5,-5,09/23/2016,2016-09-23 17:24:10.060006
TCU,SMU,68.5,-21.5,09/23/2016,2016-09-23 17:30:21.765356
Wyoming,Eastern Michigan,61.5,-5.5,09/23/2016,2016-09-23 17:54:15.595756
Wyoming,Eastern Michigan,62,-5.5,09/23/2016,2016-09-23 18:06:18.386607
TCU,SMU,69,-21.5,09/23/2016,2016-09-23 18:12:22.485613
USC,Utah,45.5,+3,09/23/2016,2016-09-23 18:24:23.751023
USC,Utah,45,+3,09/23/2016,2016-09-23 18:30:23.455420
Wyoming,Eastern Michigan,61,-5.5,09/23/2016,2016-09-23 18:48:21.142629
Wyoming,Eastern Michigan,61,-6,09/23/2016,2016-09-23 19:00:23.482309
Wyoming,Eastern Michigan,60,-6,09/23/2016,2016-09-23 19:24:19.499725
TCU,SMU,69,-22,09/23/2016,2016-09-23 19:54:14.434528
Iowa,Rutgers,56,-14,09/23/2016,2016-09-24 00:00:19.385187
San Jose State,Iowa State,53.5,+7,09/24/2016,2016-09-24 00:00:19.385187
Colorado State,Minnesota,56,+17,09/23/2016,2016-09-24 00:00:19.385187
Charlotte,Temple,53.5,+27,09/24/2016,2016-09-24 00:00:19.385187
Kent State,Alabama,50.5,+44,09/23/2016,2016-09-24 00:00:19.385187
Wisconsin,Michigan State,41,+4,09/23/2016,2016-09-24 00:00:19.385187
Nevada,Purdue,60,+5.5,09/23/2016,2016-09-24 00:00:19.385187
Georgia,Mississippi,62,+7,09/23/2016,2016-09-24 00:00:19.385187
Florida State,South Florida,63,-6,09/23/2016,2016-09-24 00:00:19.385187
Central Michigan,Virginia,49.5,-3.5,09/23/2016,2016-09-24 00:00:19.385187
East Carolina,Virginia Tech,58,+13,09/23/2016,2016-09-24 00:00:19.385187
Syracuse,Connecticut,58,+3,09/23/2016,2016-09-24 00:00:19.385187
Penn State,Michigan,57,+18,09/23/2016,2016-09-24 00:00:19.385187
Wake Forest,Indiana,45.5,+7.5,09/23/2016,2016-09-24 00:00:19.385187
Mississippi State,Massachusetts,47.5,-22,09/23/2016,2016-09-24 00:00:19.385187
BYU,West Virginia,51,+7,09/23/2016,2016-09-24 00:00:19.385187
Appalachian State,Akron,58,-5.5,09/23/2016,2016-09-24 00:00:19.385187
Pittsburgh,North Carolina,68,+7,09/23/2016,2016-09-24 00:00:19.385187
Duke,Notre Dame,60.5,+20.5,09/23/2016,2016-09-24 00:00:19.385187
Miami Ohio,Cincinnati,57,+17,09/23/2016,2016-09-24 00:00:19.385187
Tex San Antonio,Old Dominion,51.5,+4.5,09/23/2016,2016-09-24 00:00:19.385187
Florida,Tennessee,42.5,+5,09/23/2016,2016-09-24 00:00:19.385187
Boise State,Oregon State,61,-13.5,09/23/2016,2016-09-24 00:00:19.385187
Vanderbilt,Western Kentucky,51,+7.5,09/23/2016,2016-09-24 00:00:19.385187
Tulsa,Fresno State,66,-14.5,09/23/2016,2016-09-24 00:00:19.385187
Colorado,Oregon,69.5,+11,09/23/2016,2016-09-24 00:00:19.385187
Ball State,Florida Atlantic,55,-3.5,09/23/2016,2016-09-24 00:00:19.385187
North Texas,Rice,53.5,+7.5,09/23/2016,2016-09-24 00:00:19.385187
LSU,Auburn,44,-3.5,09/23/2016,2016-09-24 00:00:19.385187
Central Florida,Florida International,54,-7,09/23/2016,2016-09-24 00:00:19.385187
Army,Buffalo,51.5,-14,09/23/2016,2016-09-24 00:00:19.385187
Georgia Southern,Western Michigan,53.5,+7.5,09/23/2016,2016-09-24 00:00:19.385187
New Mexico State,Troy,65.5,+20,09/23/2016,2016-09-24 00:00:19.385187
Louisiana Tech,Middle Tennessee State,70,+5,09/23/2016,2016-09-24 00:00:19.385187
Houston,Texas State,65.5,-34,09/23/2016,2016-09-24 00:00:19.385187
Oklahoma State,Baylor,74,+8.5,09/23/2016,2016-09-24 00:00:19.385187
South Carolina,Kentucky,60,+2,09/23/2016,2016-09-24 00:00:19.385187
Nebraska,Northwestern,48,-8,09/23/2016,2016-09-24 00:00:19.385187
Southern Miss,UTEP,58,-11,09/23/2016,2016-09-24 00:00:19.385187
Louisville,Marshall,75.5,-28.5,09/23/2016,2016-09-24 00:00:19.385187
UL - Lafayette,Tulane,47,+5.5,09/23/2016,2016-09-24 00:00:19.385187
Bowling Green,Memphis,67,+17,09/23/2016,2016-09-24 00:00:19.385187
Stanford,UCLA,46.5,-3.5,09/23/2016,2016-09-24 00:00:19.385187
Arkansas,Texas A&M,49.5,+6,09/23/2016,2016-09-24 00:00:19.385187
Idaho,UNLV,63,+15.5,09/23/2016,2016-09-24 00:00:19.385187
California,Arizona State,83.5,+3.5,09/23/2016,2016-09-24 00:00:19.385187
Air Force,Utah State,53.5,-4.5,09/23/2016,2016-09-24 00:00:19.385187
Washington,Arizona,58,-14,09/23/2016,2016-09-24 00:00:19.385187
Louisiana Tech,Middle Tennessee State,70.5,+5,09/23/2016,2016-09-24 00:18:05.785542
Oklahoma State,Baylor,74.5,+8.5,09/23/2016,2016-09-24 00:18:05.785542
South Carolina,Kentucky,59.5,+2,09/23/2016,2016-09-24 00:24:22.044356
Southern Miss,UTEP,58,-11.5,09/23/2016,2016-09-24 00:48:15.404921
Iowa,Rutgers,56.5,-16,09/24/2016,2016-09-24 12:00:26.641898
Colorado State,Minnesota,56,+17.5,09/24/2016,2016-09-24 12:00:26.641898
Kent State,Alabama,50,+42,09/24/2016,2016-09-24 12:00:26.641898
Wisconsin,Michigan State,42.5,+4.5,09/24/2016,2016-09-24 12:00:26.641898
Nevada,Purdue,59.5,+3.5,09/24/2016,2016-09-24 12:00:26.641898
Georgia,Mississippi,61.5,+7,09/24/2016,2016-09-24 12:00:26.641898
Central Michigan,Virginia,51.5,-6,09/24/2016,2016-09-24 12:00:26.641898
East Carolina,Virginia Tech,58,+14.5,09/24/2016,2016-09-24 12:00:26.641898
Syracuse,Connecticut,57.5,+2,09/24/2016,2016-09-24 12:00:26.641898
Penn State,Michigan,57,+17,09/24/2016,2016-09-24 12:00:26.641898
Wake Forest,Indiana,46.5,+7.5,09/24/2016,2016-09-24 12:00:26.641898
Mississippi State,Massachusetts,47.5,-22,09/24/2016,2016-09-24 12:00:26.641898
BYU,West Virginia,51.5,+7,09/24/2016,2016-09-24 12:00:26.641898
Appalachian State,Akron,56.5,-5.5,09/24/2016,2016-09-24 12:00:26.641898
Pittsburgh,North Carolina,66.5,+6.5,09/24/2016,2016-09-24 12:00:26.641898
Duke,Notre Dame,60.5,+21,09/24/2016,2016-09-24 12:00:26.641898
Miami Ohio,Cincinnati,57,+15,09/24/2016,2016-09-24 12:00:26.641898
Tex San Antonio,Old Dominion,50.5,+5,09/24/2016,2016-09-24 12:00:26.641898
Florida,Tennessee,41,+5,09/24/2016,2016-09-24 12:00:26.641898
Boise State,Oregon State,62,-14.5,09/24/2016,2016-09-24 12:00:26.641898
Vanderbilt,Western Kentucky,50.5,+8,09/24/2016,2016-09-24 12:00:26.641898
Tulsa,Fresno State,66,-14.5,09/24/2016,2016-09-24 12:00:26.641898
Colorado,Oregon,70,+10.5,09/24/2016,2016-09-24 12:00:26.641898
Ball State,Florida Atlantic,55,-3,09/24/2016,2016-09-24 12:00:26.641898
North Texas,Rice,54,+7,09/24/2016,2016-09-24 12:00:26.641898
LSU,Auburn,44.5,-3.5,09/24/2016,2016-09-24 12:00:26.641898
Central Florida,Florida International,55,-9,09/24/2016,2016-09-24 12:00:26.641898
Army,Buffalo,51.5,-14,09/24/2016,2016-09-24 12:00:26.641898
Georgia Southern,Western Michigan,54.5,+7.5,09/24/2016,2016-09-24 12:00:26.641898
New Mexico State,Troy,65.5,+20.5,09/24/2016,2016-09-24 12:00:26.641898
Louisiana Tech,Middle Tennessee State,71,+4.5,09/24/2016,2016-09-24 12:00:26.641898
Houston,Texas State,64.5,-31.5,09/24/2016,2016-09-24 12:00:26.641898
Oklahoma State,Baylor,74.5,+7.5,09/24/2016,2016-09-24 12:00:26.641898
South Carolina,Kentucky,59.5,+2,09/24/2016,2016-09-24 12:00:26.641898
Nebraska,Northwestern,48,-7.5,09/24/2016,2016-09-24 12:00:26.641898
Southern Miss,UTEP,56.5,-13,09/24/2016,2016-09-24 12:00:26.641898
Louisville,Marshall,72,-31,09/24/2016,2016-09-24 12:00:26.641898
UL - Lafayette,Tulane,47,+3.5,09/24/2016,2016-09-24 12:00:26.641898
Bowling Green,Memphis,67.5,+17.5,09/24/2016,2016-09-24 12:00:26.641898
Stanford,UCLA,47,-2,09/24/2016,2016-09-24 12:00:26.641898
Arkansas,Texas A&M,50,+6,09/24/2016,2016-09-24 12:00:26.641898
Idaho,UNLV,61.5,+15,09/24/2016,2016-09-24 12:00:26.641898
California,Arizona State,85,+4,09/24/2016,2016-09-24 12:00:26.641898
Air Force,Utah State,53,-5,09/24/2016,2016-09-24 12:00:26.641898
Washington,Arizona,58,-15,09/24/2016,2016-09-24 12:00:26.641898
Florida State,South Florida,65,-5,09/24/2016,2016-09-24 12:06:12.332727
Central Michigan,Virginia,53,-6,09/24/2016,2016-09-24 12:06:12.332727
Stanford,UCLA,47,-2.5,09/24/2016,2016-09-24 12:06:12.332727
Nebraska,Northwestern,48,-9,09/24/2016,2016-09-24 12:18:22.390556
Penn State,Michigan,57,+17.5,09/24/2016,2016-09-24 12:24:14.482206
Army,Buffalo,51.5,-14.5,09/24/2016,2016-09-24 12:24:14.482206
Wake Forest,Indiana,47.5,+7.5,09/24/2016,2016-09-24 12:36:08.209632
Pittsburgh,North Carolina,67,+6.5,09/24/2016,2016-09-24 12:36:08.209632
Army,Buffalo,51,-14.5,09/24/2016,2016-09-24 12:36:08.209632
Georgia Southern,Western Michigan,55,+7.5,09/24/2016,2016-09-24 12:36:08.209632
Oklahoma State,Baylor,73.5,+7.5,09/24/2016,2016-09-24 12:36:08.209632
Oklahoma State,Baylor,73.5,+7,09/24/2016,2016-09-24 12:42:14.018303
Arkansas,Texas A&M,50.5,+6,09/24/2016,2016-09-24 12:42:14.018303
Washington,Arizona,58.5,-15,09/24/2016,2016-09-24 12:42:14.018303
Ball State,Florida Atlantic,54.5,-3,09/24/2016,2016-09-24 12:48:08.091531
Syracuse,Connecticut,57.5,+1.5,09/24/2016,2016-09-24 13:00:27.414007
Wake Forest,Indiana,48,+7.5,09/24/2016,2016-09-24 13:00:27.414007
Ball State,Florida Atlantic,54,-3,09/24/2016,2016-09-24 13:00:27.414007
Georgia Southern,Western Michigan,55,+8,09/24/2016,2016-09-24 13:00:27.414007
Pittsburgh,North Carolina,67,+7,09/24/2016,2016-09-24 13:06:21.740072
Vanderbilt,Western Kentucky,50.5,+9,09/24/2016,2016-09-24 13:06:21.740072
Louisville,Marshall,71,-31,09/24/2016,2016-09-24 13:12:24.807654
Central Florida,Florida International,55,-9.5,09/24/2016,2016-09-24 13:54:26.453987
BYU,West Virginia,52,+7,09/24/2016,2016-09-24 14:00:31.510874
Duke,Notre Dame,60.5,+20,09/24/2016,2016-09-24 14:00:31.510874
Tex San Antonio,Old Dominion,50.5,+6,09/24/2016,2016-09-24 14:00:31.510874
Boise State,Oregon State,62,-16,09/24/2016,2016-09-24 14:00:31.510874
Air Force,Utah State,53,-6,09/24/2016,2016-09-24 14:00:31.510874
Tex San Antonio,Old Dominion,50,+6,09/24/2016,2016-09-24 14:06:23.402706
Florida,Tennessee,41,+4,09/24/2016,2016-09-24 14:06:23.402706
Appalachian State,Akron,56.5,-6,09/24/2016,2016-09-24 14:12:19.089433
Pittsburgh,North Carolina,66.5,+7,09/24/2016,2016-09-24 14:12:19.089433
Florida,Tennessee,41,+3.5,09/24/2016,2016-09-24 14:12:19.089433
Southern Miss,UTEP,56.5,-13.5,09/24/2016,2016-09-24 14:12:19.089433
Mississippi State,Massachusetts,48,-22,09/24/2016,2016-09-24 14:18:21.394508
BYU,West Virginia,53,+7,09/24/2016,2016-09-24 14:18:21.394508
Wake Forest,Indiana,48,+7,09/24/2016,2016-09-24 14:24:20.850596
Boise State,Oregon State,61.5,-16,09/24/2016,2016-09-24 14:24:20.850596
Wake Forest,Indiana,48.5,+7,09/24/2016,2016-09-24 14:30:13.422637
Mississippi State,Massachusetts,49,-22,09/24/2016,2016-09-24 14:30:13.422637
Colorado,Oregon,70.5,+10.5,09/24/2016,2016-09-24 14:30:13.422637
LSU,Auburn,45.5,-3.5,09/24/2016,2016-09-24 14:42:07.328561
Louisiana Tech,Middle Tennessee State,71,+4,09/24/2016,2016-09-24 14:42:07.328561
Boise State,Oregon State,61,-16,09/24/2016,2016-09-24 14:48:17.833971
Army,Buffalo,51,-14,09/24/2016,2016-09-24 14:48:17.833971
Florida,Tennessee,41.5,+4,09/24/2016,2016-09-24 14:54:13.594229
Duke,Notre Dame,60.5,+20.5,09/24/2016,2016-09-24 15:00:29.236929
Miami Ohio,Cincinnati,55.5,+15,09/24/2016,2016-09-24 15:00:29.236929
Appalachian State,Akron,56.5,-5,09/24/2016,2016-09-24 15:00:29.236929
Vanderbilt,Western Kentucky,50.5,+9.5,09/24/2016,2016-09-24 15:00:29.236929
Houston,Texas State,64.5,-32,09/24/2016,2016-09-24 15:00:29.236929
Tulsa,Fresno State,66,-15,09/24/2016,2016-09-24 15:06:17.089528
Miami Ohio,Cincinnati,54.5,+13.5,09/24/2016,2016-09-24 15:12:16.628975
Pittsburgh,North Carolina,67.5,+7,09/24/2016,2016-09-24 15:18:15.309783
Duke,Notre Dame,61,+20.5,09/24/2016,2016-09-24 15:18:15.309783
Pittsburgh,North Carolina,68,+7,09/24/2016,2016-09-24 15:24:25.250789
Duke,Notre Dame,61,+21,09/24/2016,2016-09-24 15:24:25.250789
Tulsa,Fresno State,66,-15.5,09/24/2016,2016-09-24 15:24:25.250789
Penn State,Michigan,57,+16.5,09/24/2016,2016-09-24 15:30:14.590989
BYU,West Virginia,53,+8,09/24/2016,2016-09-24 15:30:14.590989
Appalachian State,Akron,56.5,-4.5,09/24/2016,2016-09-24 15:30:14.590989
South Carolina,Kentucky,59,+2,09/24/2016,2016-09-24 15:30:14.590989
Arkansas,Texas A&M,50.5,+6.5,09/24/2016,2016-09-24 15:30:14.590989
Duke,Notre Dame,61,+21.5,09/24/2016,2016-09-24 15:36:12.672614
Oklahoma State,Baylor,74,+7,09/24/2016,2016-09-24 15:36:12.672614
Georgia Southern,Western Michigan,55.5,+8,09/24/2016,2016-09-24 15:54:24.891720
Central Florida,Florida International,54,-9.5,09/24/2016,2016-09-24 16:06:05.525248
Tulsa,Fresno State,66,-16,09/24/2016,2016-09-24 16:12:22.362481
Central Florida,Florida International,53.5,-9.5,09/24/2016,2016-09-24 16:12:22.362481
UL - Lafayette,Tulane,47,+3,09/24/2016,2016-09-24 16:12:22.362481
Vanderbilt,Western Kentucky,50,+9.5,09/24/2016,2016-09-24 16:18:18.188568
Tulsa,Fresno State,66,-16.5,09/24/2016,2016-09-24 16:18:18.188568
Colorado,Oregon,70.5,+9.5,09/24/2016,2016-09-24 16:18:18.188568
Central Florida,Florida International,53,-9.5,09/24/2016,2016-09-24 16:18:18.188568
Georgia Southern,Western Michigan,56,+8,09/24/2016,2016-09-24 16:18:18.188568
Vanderbilt,Western Kentucky,50,+9,09/24/2016,2016-09-24 16:24:12.425506
Central Florida,Florida International,52.5,-9.5,09/24/2016,2016-09-24 16:24:12.425506
Army,Buffalo,50.5,-14,09/24/2016,2016-09-24 16:24:12.425506
Houston,Texas State,64,-32,09/24/2016,2016-09-24 16:24:12.425506
LSU,Auburn,46,-3.5,09/24/2016,2016-09-24 16:30:20.227071
Stanford,UCLA,47.5,-2,09/24/2016,2016-09-24 16:30:20.227071
Central Florida,Florida International,52.5,-10,09/24/2016,2016-09-24 16:36:07.710089
South Carolina,Kentucky,58,+2,09/24/2016,2016-09-24 16:36:07.710089
Louisville,Marshall,71,-31.5,09/24/2016,2016-09-24 16:36:07.710089
Colorado,Oregon,71.5,+9.5,09/24/2016,2016-09-24 16:42:19.563318
Bowling Green,Memphis,66.5,+17.5,09/24/2016,2016-09-24 16:42:19.563318
California,Arizona State,85.5,+3.5,09/24/2016,2016-09-24 16:42:19.563318
Colorado,Oregon,72,+9.5,09/24/2016,2016-09-24 16:48:13.884816
Georgia Southern,Western Michigan,56.5,+8.5,09/24/2016,2016-09-24 16:48:13.884816
Southern Miss,UTEP,57.5,-13.5,09/24/2016,2016-09-24 16:48:13.884816
UL - Lafayette,Tulane,46.5,+3,09/24/2016,2016-09-24 16:48:13.884816
Colorado,Oregon,72.5,+9.5,09/24/2016,2016-09-24 17:00:16.964866
Central Florida,Florida International,52,-10,09/24/2016,2016-09-24 17:00:16.964866
Georgia Southern,Western Michigan,58,+8.5,09/24/2016,2016-09-24 17:00:16.964866
Arkansas,Texas A&M,51,+6.5,09/24/2016,2016-09-24 17:00:16.964866
Colorado,Oregon,72.5,+11,09/24/2016,2016-09-24 17:12:17.988110
Stanford,UCLA,47.5,-2.5,09/24/2016,2016-09-24 17:12:17.988110
Colorado,Oregon,70.5,+13,09/24/2016,2016-09-24 17:18:21.488123
Southern Miss,UTEP,59,-13.5,09/24/2016,2016-09-24 17:18:21.488123
Colorado,Oregon,70,+14,09/24/2016,2016-09-24 17:24:12.412682
California,Arizona State,86,+3.5,09/24/2016,2016-09-24 17:24:12.412682
North Texas,Rice,55,+7,09/24/2016,2016-09-24 17:30:23.120003
Georgia Southern,Western Michigan,55.5,+8.5,09/24/2016,2016-09-24 18:00:29.510982
Ball State,Florida Atlantic,53.5,-3.5,09/24/2016,2016-09-24 18:06:15.893471
Army,Buffalo,50.5,-13.5,09/24/2016,2016-09-24 18:12:12.733375
Georgia Southern,Western Michigan,55.5,+9,09/24/2016,2016-09-24 18:12:12.733375
Louisiana Tech,Middle Tennessee State,70,+4,09/24/2016,2016-09-24 18:30:12.683879
Oklahoma State,Baylor,74.5,+6.5,09/24/2016,2016-09-24 18:48:25.207026
Louisiana Tech,Middle Tennessee State,70,+4.5,09/24/2016,2016-09-24 18:54:08.941050
Oklahoma State,Baylor,74.5,+7,09/24/2016,2016-09-24 19:12:22.991727
Stanford,UCLA,47.5,-3,09/24/2016,2016-09-24 19:30:09.405184
Nebraska,Northwestern,48,-8,09/24/2016,2016-09-24 19:36:23.739830
Southern Miss,UTEP,59,-14,09/24/2016,2016-09-24 19:36:23.739830
California,Arizona State,86.5,+3.5,09/24/2016,2016-09-24 19:36:23.739830
Arkansas,Texas A&M,51.5,+6.5,09/24/2016,2016-09-24 19:42:18.326386
Washington,Arizona,58.5,-16,09/24/2016,2016-09-24 19:48:15.223493
Stanford,UCLA,47,-3,09/24/2016,2016-09-24 20:00:18.488578
Arkansas,Texas A&M,52,+6.5,09/24/2016,2016-09-24 20:30:14.631669
California,Arizona State,87,+3.5,09/24/2016,2016-09-24 21:30:24.257618
California,Arizona State,87,+4,09/24/2016,2016-09-24 21:36:11.040698
Washington,Arizona,58.5,-17,09/24/2016,2016-09-24 21:48:11.619315
Air Force,Utah State,53.5,-6,09/24/2016,2016-09-24 22:00:12.553279
Connecticut,Houston,51,+29.5,09/29/2016,2016-09-29 00:00:10.498876
Kansas,Texas Tech,81,+28.5,09/29/2016,2016-09-29 00:00:10.498876
Connecticut,Houston,50,+28.5,09/29/2016,2016-09-29 12:00:22.505790
Kansas,Texas Tech,80.5,+27.5,09/29/2016,2016-09-29 12:00:22.505790
Kansas,Texas Tech,80.5,+28,09/29/2016,2016-09-29 14:06:09.365684
Kansas,Texas Tech,80,+28,09/29/2016,2016-09-29 14:24:21.397433
Connecticut,Houston,50.5,+28.5,09/29/2016,2016-09-29 17:18:16.613592
Connecticut,Houston,50,+28,09/29/2016,2016-09-29 17:30:20.188745
Connecticut,Houston,50,+27.5,09/29/2016,2016-09-29 17:48:11.382750
Connecticut,Houston,50.5,+28,09/29/2016,2016-09-29 18:36:14.169428
Kansas,Texas Tech,79.5,+28,09/29/2016,2016-09-29 20:30:13.284865
Kansas,Texas Tech,79,+28,09/29/2016,2016-09-29 20:36:19.910231
Stanford,Washington,44.5,+3.5,09/30/2016,2016-09-30 00:00:23.229233
Toledo,BYU,53,+4,09/30/2016,2016-09-30 00:00:23.229233
Stanford,Washington,45.5,+3,09/30/2016,2016-09-30 12:00:31.901505
Toledo,BYU,52,+4,09/30/2016,2016-09-30 12:00:31.901505
Stanford,Washington,45.5,+3.5,09/30/2016,2016-09-30 12:18:24.481623
Stanford,Washington,46,+3.5,09/30/2016,2016-09-30 18:06:21.980800
Stanford,Washington,46.5,+3.5,09/30/2016,2016-09-30 18:18:13.347157
Toledo,BYU,52,+3.5,09/30/2016,2016-09-30 18:18:13.347157
Stanford,Washington,47,+3.5,09/30/2016,2016-09-30 19:36:20.149919
Toledo,BYU,51.5,+3,09/30/2016,2016-09-30 22:12:24.059442
Northwestern,Iowa,43,+13.5,10/01/2016,2016-10-01 00:00:12.169824
Rutgers,Ohio State,60,+39,10/01/2016,2016-10-01 00:00:12.169824
Notre Dame,Syracuse,73,-10,10/01/2016,2016-10-01 00:00:12.169824
SMU,Temple,52.5,+13,10/01/2016,2016-10-01 00:00:12.169824
Central Florida,East Carolina,61.5,+3.5,10/01/2016,2016-10-01 00:00:12.169824
Miami Florida,Georgia Tech,53.5,-8,10/01/2016,2016-10-01 00:00:12.169824
Georgia State,Appalachian State,52,+19,10/01/2016,2016-10-01 00:00:12.169824
Florida,Vanderbilt,41,-11,10/01/2016,2016-10-01 00:00:12.169824
Texas,Oklahoma State,71,+2,10/01/2016,2016-10-01 00:00:12.169824
Baylor,Iowa State,61,-17.5,10/01/2016,2016-10-01 00:00:12.169824
Virginia,Duke,62,+3.5,10/01/2016,2016-10-01 00:00:12.169824
Buffalo,Boston College,39.5,+19,10/01/2016,2016-10-01 00:00:12.169824
Ohio,Miami Ohio,52,-3,10/01/2016,2016-10-01 00:00:12.169824
Oregon State,Colorado,59,+19.5,10/01/2016,2016-10-01 00:00:12.169824
Eastern Michigan,Bowling Green,66,+2,10/01/2016,2016-10-01 00:00:12.169824
Tulane,Massachusetts,42.5,-2.5,10/01/2016,2016-10-01 00:00:12.169824
Minnesota,Penn State,56,+3,10/01/2016,2016-10-01 00:00:12.169824
Kansas State,West Virginia,54,+2.5,10/01/2016,2016-10-01 00:00:12.169824
Northern Illinois,Ball State,58,+4.5,10/01/2016,2016-10-01 00:00:12.169824
Akron,Kent State,53,-7,10/01/2016,2016-10-01 00:00:12.169824
Purdue,Maryland,57,+10.5,10/01/2016,2016-10-01 00:00:12.169824
Illinois,Nebraska,53,+20.5,10/01/2016,2016-10-01 00:00:12.169824
Wisconsin,Michigan,45.5,+10.5,10/01/2016,2016-10-01 00:00:12.169824
North Carolina,Florida State,71,+11,10/01/2016,2016-10-01 00:00:12.169824
UL - Monroe,Auburn,56.5,+32.5,10/01/2016,2016-10-01 00:00:12.169824
Navy,Air Force,47.5,+7,10/01/2016,2016-10-01 00:00:12.169824
Tennessee,Georgia,52.5,-4,10/01/2016,2016-10-01 00:00:12.169824
Wake Forest,NC State,48,+12,10/01/2016,2016-10-01 00:00:12.169824
Texas A&M,South Carolina,48,-18,10/01/2016,2016-10-01 00:00:12.169824
San Jose State,New Mexico,53,+11.5,10/01/2016,2016-10-01 00:00:12.169824
Oklahoma,TCU,69.5,-3.5,10/01/2016,2016-10-01 00:00:12.169824
Troy,Idaho,58.5,-14,10/01/2016,2016-10-01 00:00:12.169824
Old Dominion,Charlotte,60,-8.5,10/01/2016,2016-10-01 00:00:12.169824
Utah,California,65.5,+2,10/01/2016,2016-10-01 00:00:12.169824
Memphis,Mississippi,69.5,+15,10/01/2016,2016-10-01 00:00:12.169824
South Florida,Cincinnati,63.5,-5,10/01/2016,2016-10-01 00:00:12.169824
Middle Tennessee State,North Texas,63.5,-16,10/01/2016,2016-10-01 00:00:12.169824
UTEP,Louisiana Tech,56.5,+22,10/01/2016,2016-10-01 00:00:12.169824
Florida Atlantic,Florida International,53,-5.5,10/01/2016,2016-10-01 00:00:12.169824
Western Michigan,Central Michigan,58,-4,10/01/2016,2016-10-01 00:00:12.169824
Rice,Southern Miss,59,+25,10/01/2016,2016-10-01 00:00:12.169824
Kentucky,Alabama,57.5,+36,10/01/2016,2016-10-01 00:00:12.169824
Marshall,Pittsburgh,65.5,+16,10/01/2016,2016-10-01 00:00:12.169824
Missouri,LSU,54,+12,10/01/2016,2016-10-01 00:00:12.169824
Louisville,Clemson,68.5,-1.5,10/01/2016,2016-10-01 00:00:12.169824
Michigan State,Indiana,52.5,-6.5,10/01/2016,2016-10-01 00:00:12.169824
San Diego State,South Alabama,51.5,-19.5,10/01/2016,2016-10-01 00:00:12.169824
UL - Lafayette,New Mexico State,65,-5,10/01/2016,2016-10-01 00:00:12.169824
Arizona State,USC,65,+10,10/01/2016,2016-10-01 00:00:12.169824
Oregon,Washington State,76,-2.5,10/01/2016,2016-10-01 00:00:12.169824
Wyoming,Colorado State,54,+6,10/01/2016,2016-10-01 00:00:12.169824
Utah State,Boise State,59,+21.5,10/01/2016,2016-10-01 00:00:12.169824
Arizona,UCLA,58.5,+13.5,10/01/2016,2016-10-01 00:00:12.169824
Fresno State,UNLV,58.5,+9.5,10/01/2016,2016-10-01 00:00:12.169824
Northwestern,Iowa,44.5,+11,10/01/2016,2016-10-01 12:00:29.362514
Rutgers,Ohio State,59.5,+39.5,10/01/2016,2016-10-01 12:00:29.362514
Notre Dame,Syracuse,74.5,-14,10/01/2016,2016-10-01 12:00:29.362514
SMU,Temple,52.5,+12.5,10/01/2016,2016-10-01 12:00:29.362514
Central Florida,East Carolina,62,+3.5,10/01/2016,2016-10-01 12:00:29.362514
Miami Florida,Georgia Tech,54,-9,10/01/2016,2016-10-01 12:00:29.362514
Texas,Oklahoma State,69,+1.5,10/01/2016,2016-10-01 12:00:29.362514
Baylor,Iowa State,63,-17.5,10/01/2016,2016-10-01 12:00:29.362514
Virginia,Duke,61,+3,10/01/2016,2016-10-01 12:00:29.362514
Buffalo,Boston College,40,+18,10/01/2016,2016-10-01 12:00:29.362514
Ohio,Miami Ohio,51.5,-3,10/01/2016,2016-10-01 12:00:29.362514
Oregon State,Colorado,57,+18,10/01/2016,2016-10-01 12:00:29.362514
Eastern Michigan,Bowling Green,64.5,+2,10/01/2016,2016-10-01 12:00:29.362514
Tulane,Massachusetts,42,-2.5,10/01/2016,2016-10-01 12:00:29.362514
Minnesota,Penn State,55,+3,10/01/2016,2016-10-01 12:00:29.362514
Kansas State,West Virginia,55,+3,10/01/2016,2016-10-01 12:00:29.362514
Northern Illinois,Ball State,58,+4,10/01/2016,2016-10-01 12:00:29.362514
Akron,Kent State,51.5,-7.5,10/01/2016,2016-10-01 12:00:29.362514
Purdue,Maryland,56,+11,10/01/2016,2016-10-01 12:00:29.362514
Illinois,Nebraska,53,+21,10/01/2016,2016-10-01 12:00:29.362514
Wisconsin,Michigan,46,+10.5,10/01/2016,2016-10-01 12:00:29.362514
North Carolina,Florida State,73,+11,10/01/2016,2016-10-01 12:00:29.362514
Navy,Air Force,49,+7,10/01/2016,2016-10-01 12:00:29.362514
Wake Forest,NC State,48,+14,10/01/2016,2016-10-01 12:00:29.362514
Texas A&M,South Carolina,50,-19,10/01/2016,2016-10-01 12:00:29.362514
San Jose State,New Mexico,52,+11.5,10/01/2016,2016-10-01 12:00:29.362514
Oklahoma,TCU,67.5,-3.5,10/01/2016,2016-10-01 12:00:29.362514
Troy,Idaho,58.5,-15,10/01/2016,2016-10-01 12:00:29.362514
Old Dominion,Charlotte,58,-8.5,10/01/2016,2016-10-01 12:00:29.362514
Utah,California,65.5,0,10/01/2016,2016-10-01 12:00:29.362514
Memphis,Mississippi,70.5,+16,10/01/2016,2016-10-01 12:00:29.362514
South Florida,Cincinnati,65,-7,10/01/2016,2016-10-01 12:00:29.362514
Middle Tennessee State,North Texas,64,-17,10/01/2016,2016-10-01 12:00:29.362514
Florida Atlantic,Florida International,53,-3.5,10/01/2016,2016-10-01 12:00:29.362514
Western Michigan,Central Michigan,59,-3.5,10/01/2016,2016-10-01 12:00:29.362514
Rice,Southern Miss,59,+26.5,10/01/2016,2016-10-01 12:00:29.362514
Marshall,Pittsburgh,63,+16,10/01/2016,2016-10-01 12:00:29.362514
Missouri,LSU,53.5,+12,10/01/2016,2016-10-01 12:00:29.362514
Louisville,Clemson,66.5,-1.5,10/01/2016,2016-10-01 12:00:29.362514
Michigan State,Indiana,52.5,-5.5,10/01/2016,2016-10-01 12:00:29.362514
San Diego State,South Alabama,50,-19.5,10/01/2016,2016-10-01 12:00:29.362514
UL - Lafayette,New Mexico State,65,-5.5,10/01/2016,2016-10-01 12:00:29.362514
Arizona State,USC,65.5,+9,10/01/2016,2016-10-01 12:00:29.362514
Oregon,Washington State,75,-2.5,10/01/2016,2016-10-01 12:00:29.362514
Utah State,Boise State,60,+23,10/01/2016,2016-10-01 12:00:29.362514
Arizona,UCLA,58.5,+12,10/01/2016,2016-10-01 12:00:29.362514
Fresno State,UNLV,56.5,+9.5,10/01/2016,2016-10-01 12:00:29.362514
North Carolina,Florida State,74,+11,10/01/2016,2016-10-01 12:12:21.040185
Buffalo,Boston College,40,+17.5,10/01/2016,2016-10-01 12:18:22.397418
North Carolina,Florida State,74.5,+11,10/01/2016,2016-10-01 12:18:22.397418
Wake Forest,NC State,48,+13.5,10/01/2016,2016-10-01 12:18:22.397418
Old Dominion,Charlotte,58,-9,10/01/2016,2016-10-01 12:18:22.397418
Memphis,Mississippi,70.5,+16.5,10/01/2016,2016-10-01 12:18:22.397418
Western Michigan,Central Michigan,59,-3,10/01/2016,2016-10-01 12:18:22.397418
Virginia,Duke,61.5,+3,10/01/2016,2016-10-01 12:24:20.887985
Tulane,Massachusetts,41.5,-2.5,10/01/2016,2016-10-01 12:24:20.887985
Purdue,Maryland,55,+11,10/01/2016,2016-10-01 12:24:20.887985
Texas A&M,South Carolina,50,-19.5,10/01/2016,2016-10-01 12:24:20.887985
Troy,Idaho,58.5,-15.5,10/01/2016,2016-10-01 12:24:20.887985
South Florida,Cincinnati,65.5,-7,10/01/2016,2016-10-01 12:24:20.887985
Middle Tennessee State,North Texas,65,-17,10/01/2016,2016-10-01 12:24:20.887985
Florida Atlantic,Florida International,53.5,-3.5,10/01/2016,2016-10-01 12:24:20.887985
Michigan State,Indiana,52.5,-6,10/01/2016,2016-10-01 12:24:20.887985
Arizona,UCLA,58.5,+12.5,10/01/2016,2016-10-01 12:24:20.887985
San Jose State,New Mexico,51.5,+11.5,10/01/2016,2016-10-01 12:30:20.480528
Utah,California,65,0,10/01/2016,2016-10-01 12:30:20.480528
Louisville,Clemson,66,-1.5,10/01/2016,2016-10-01 12:30:20.480528
Michigan State,Indiana,52,-6,10/01/2016,2016-10-01 12:30:20.480528
UL - Lafayette,New Mexico State,64.5,-5.5,10/01/2016,2016-10-01 12:30:20.480528
Oregon State,Colorado,56.5,+18,10/01/2016,2016-10-01 12:36:16.632269
Louisville,Clemson,65.5,-1.5,10/01/2016,2016-10-01 12:36:16.632269
Arizona State,USC,65.5,+8.5,10/01/2016,2016-10-01 12:36:16.632269
Fresno State,UNLV,57,+9.5,10/01/2016,2016-10-01 12:42:25.667169
Akron,Kent State,51.5,-9,10/01/2016,2016-10-01 12:48:07.000417
Western Michigan,Central Michigan,60,-3,10/01/2016,2016-10-01 12:48:07.000417
Tennessee,Georgia,53,-4,10/01/2016,2016-10-01 13:06:11.974666
Missouri,LSU,53,+12,10/01/2016,2016-10-01 13:06:11.974666
Ohio,Miami Ohio,50.5,-2.5,10/01/2016,2016-10-01 13:12:23.710936
Minnesota,Penn State,55,+3.5,10/01/2016,2016-10-01 13:18:26.165577
Oklahoma,TCU,67,-3.5,10/01/2016,2016-10-01 13:18:26.165577
Wisconsin,Michigan,45.5,+11,10/01/2016,2016-10-01 13:30:23.373338
Utah,California,65,-2,10/01/2016,2016-10-01 13:30:23.373338
Wisconsin,Michigan,45.5,+11.5,10/01/2016,2016-10-01 13:42:22.204378
Kansas State,West Virginia,55.5,+3,10/01/2016,2016-10-01 14:06:09.108187
Oregon State,Colorado,0,0,10/01/2016,2016-10-01 14:18:26.220249
Oregon State,Colorado,56,+18.5,10/01/2016,2016-10-01 14:24:10.554312
Oregon State,Colorado,56,+19.5,10/01/2016,2016-10-01 14:30:15.165751
Kansas State,West Virginia,56.5,+3,10/01/2016,2016-10-01 14:42:25.900984
Kansas State,West Virginia,57,+3,10/01/2016,2016-10-01 14:48:24.879088
Oregon,Washington State,75,-2,10/01/2016,2016-10-01 14:48:24.879088
Eastern Michigan,Bowling Green,64.5,+2.5,10/01/2016,2016-10-01 14:54:21.290068
Akron,Kent State,51,-9,10/01/2016,2016-10-01 14:54:21.290068
Illinois,Nebraska,53.5,+21,10/01/2016,2016-10-01 14:54:21.290068
Texas A&M,South Carolina,51.5,-19.5,10/01/2016,2016-10-01 14:54:21.290068
UL - Monroe,Auburn,57,+32.5,10/01/2016,2016-10-01 15:00:31.594273
Northern Illinois,Ball State,58,+3.5,10/01/2016,2016-10-01 15:06:07.609362
Oregon,Washington State,75.5,-2,10/01/2016,2016-10-01 15:06:07.609362
Wake Forest,NC State,48.5,+13.5,10/01/2016,2016-10-01 15:12:12.261547
Western Michigan,Central Michigan,59.5,-3,10/01/2016,2016-10-01 15:12:12.261547
Navy,Air Force,49.5,+7,10/01/2016,2016-10-01 15:18:10.203792
Eastern Michigan,Bowling Green,65,0,10/01/2016,2016-10-01 15:18:10.203792
Marshall,Pittsburgh,62,+16,10/01/2016,2016-10-01 15:18:10.203792
UL - Lafayette,New Mexico State,64.5,-5,10/01/2016,2016-10-01 15:18:10.203792
Akron,Kent State,51,-8.5,10/01/2016,2016-10-01 15:24:09.141752
San Jose State,New Mexico,52.5,+11.5,10/01/2016,2016-10-01 15:36:07.686860
Texas A&M,South Carolina,51.5,-20,10/01/2016,2016-10-01 15:48:15.591095
Texas A&M,South Carolina,51.5,-20.5,10/01/2016,2016-10-01 16:00:25.013448
Memphis,Mississippi,71,+16,10/01/2016,2016-10-01 16:06:05.832852
South Florida,Cincinnati,66.5,-7,10/01/2016,2016-10-01 16:42:06.122639
UTEP,Louisiana Tech,56.5,+22.5,10/01/2016,2016-10-01 16:48:24.246832
Oklahoma,TCU,66.5,-3.5,10/01/2016,2016-10-01 16:54:09.607773
Oklahoma,TCU,66,-3.5,10/01/2016,2016-10-01 17:00:21.618850
Marshall,Pittsburgh,61.5,+16,10/01/2016,2016-10-01 17:24:08.250393
Old Dominion,Charlotte,57.5,-9,10/01/2016,2016-10-01 17:36:16.455905
Kentucky,Alabama,57.5,+36.5,10/01/2016,2016-10-01 17:36:16.455905
Missouri,LSU,52.5,+12,10/01/2016,2016-10-01 17:42:23.775829
UTEP,Louisiana Tech,57,+22.5,10/01/2016,2016-10-01 17:54:13.059658
Marshall,Pittsburgh,61,+16,10/01/2016,2016-10-01 17:54:13.059658
Oregon,Washington State,75.5,-2.5,10/01/2016,2016-10-01 17:54:13.059658
Utah State,Boise State,60.5,+23,10/01/2016,2016-10-01 17:54:13.059658
Western Michigan,Central Michigan,60.5,-3,10/01/2016,2016-10-01 18:00:29.779339
South Florida,Cincinnati,66,-7,10/01/2016,2016-10-01 18:06:17.651219
Utah State,Boise State,60.5,+24,10/01/2016,2016-10-01 18:12:07.969872
Marshall,Pittsburgh,58,+16,10/01/2016,2016-10-01 18:30:13.686354
Kentucky,Alabama,57.5,+37,10/01/2016,2016-10-01 18:42:16.331104
Memphis,Mississippi,71.5,+16,10/01/2016,2016-10-01 18:48:19.331147
Kentucky,Alabama,57,+37,10/01/2016,2016-10-01 18:48:19.331147
Kentucky,Alabama,56,+37,10/01/2016,2016-10-01 18:54:08.096597
UL - Lafayette,New Mexico State,67.5,-5,10/01/2016,2016-10-01 19:00:18.528080
Oregon,Washington State,75.5,-1.5,10/01/2016,2016-10-01 19:12:19.254210
Marshall,Pittsburgh,58,+16.5,10/01/2016,2016-10-01 19:24:20.578772
Missouri,LSU,52,+12,10/01/2016,2016-10-01 19:24:20.578772
Louisville,Clemson,66.5,0,10/01/2016,2016-10-01 19:30:09.418796
Louisville,Clemson,66.5,-1,10/01/2016,2016-10-01 19:36:17.893666
Arizona State,USC,65,+9,10/01/2016,2016-10-01 19:36:17.893666
Michigan State,Indiana,53,-5.5,10/01/2016,2016-10-01 19:42:10.526716
San Diego State,South Alabama,49.5,-19.5,10/01/2016,2016-10-01 19:48:22.393198
Louisville,Clemson,66.5,+1,10/01/2016,2016-10-01 19:54:24.444692
Louisville,Clemson,66,-1,10/01/2016,2016-10-01 20:12:17.635406
Oregon,Washington State,76,-3,10/01/2016,2016-10-01 20:48:13.715867
Arizona,UCLA,58.5,+11.5,10/01/2016,2016-10-01 20:54:22.913455
Utah State,Boise State,60.5,+24.5,10/01/2016,2016-10-01 21:54:09.263329
Utah State,Boise State,61,+24.5,10/01/2016,2016-10-01 22:18:08.327447
Arizona,UCLA,59,+12,10/01/2016,2016-10-01 22:18:08.327447
Arizona,UCLA,59,+11.5,10/01/2016,2016-10-01 22:36:11.668076
