"game_id","game_date","team1","team2","spread","line","total_yards.team1","total_yards.team2","score.team1","score.team2","half.line","half.spread","total_yards_2H.team1","total_yards_2H.team2","score.final.team1","score.final.team2"
400926949,"12/03/2016 19:45","SDSU","WYO",7,"58.5",160,122,10,10,"27.5",4,167,221,27,24
400869855,"12/03/2016 19:30","ARST","TXST",26,"54",185,138,13,7,"26.5",12,172,99,36,14
400869857,"12/03/2016 17:00","GAST","IDHO",-4.5,"53.5",207,179,12,24,"26.5",0.5,151,108,12,37
400868886,"12/03/2016 15:30","BAY","WVU",-18,"70.5",189,196,14,10,"33.5",-10,251,226,21,24
400869859,"12/03/2016 13:00","NMSU","USA",-11.5,"58",200,231,7,7,"28",-4.5,263,290,28,35
400869618,"12/03/2016 12:30","OKST","OKLA",-11.5,"75",260,277,17,17,"36.5",-5,143,352,20,38
400869611,"12/03/2016 12:00","KSU","TCU",-3.5,"52",222,158,10,6,"24.5",-2.5,273,122,30,6
400869856,"12/03/2016 12:00","TROY","GASO",7,"54",162,127,10,7,"24",3,182,266,24,28
400926947,"12/03/2016 12:00","TEM","NAVY",-2,"60",274,126,24,3,"25",1.5,114,180,34,10
400926948,"12/03/2016 12:00","LT","WKU",-10,"80",301,408,27,38,"41.5",-4.5,206,248,44,58
400926942,"12/02/2016 21:00","COLO","WASH",-9,"55.5",118,186,7,14,"24.5",-3.5,45,197,10,41
400868933,"11/26/2016 22:15","USU","BYU",-17.5,"52",154,128,10,14,"24.5",-7,46,227,10,28
400869254,"11/26/2016 22:15","WYO","UNM",3.5,"65.5",150,456,7,35,"33",3,299,234,35,56
400869253,"11/26/2016 21:00","CSU","SDSU",-12,"53.5",351,226,42,24,"30",-6.5,156,151,63,31
400869069,"11/26/2016 20:00","FLA","FSU",-8,"47",124,162,3,10,"21.5",-3.5,83,225,13,31
400869172,"11/26/2016 20:00","RICE","STAN",-34,"51.5",110,295,3,20,"24",-14.5,181,239,17,41
400869074,"11/26/2016 19:30","SC","CLEM",-26,"50.5",52,380,0,35,"21",-11,166,242,7,56
400869075,"11/26/2016 19:30","TENN","VAN",7,"51.5",289,340,31,24,"29.5",3.5,227,268,34,45
400869170,"11/26/2016 19:30","UTAH","COLO",-10.5,"54.5",86,186,7,13,"24.5",-6.5,253,192,22,27
400869571,"11/26/2016 19:30","ECU","TEM",-23,"59",96,205,7,21,"27",-10,129,209,10,37
400869169,"11/26/2016 19:00","UCLA","CAL",3,"71.5",97,267,0,12,"32.5",3,163,229,10,36
400869415,"11/26/2016 19:00","CHAR","UTSA",-12,"53.5",131,322,7,17,"24.5",-4.5,106,198,14,33
400869419,"11/26/2016 19:00","WKU","MRSH",28,"63.5",286,93,41,0,"24",10,176,137,60,6
400869417,"11/26/2016 17:30","FAU","MTSU",-16.5,"63",256,467,21,42,"33",-7,333,290,56,77
400869171,"11/26/2016 16:00","ORE","ORST",2,"70.5",190,202,14,14,"34.5",0,194,209,24,34
400869256,"11/26/2016 16:00","NEV","UNLV",-9.5,"59",277,169,27,10,"31",-6.5,234,134,45,10
400869420,"11/26/2016 16:00","UNT","UTEP",4,"51.5",277,169,17,31,"27",3.5,27,386,24,52
400869570,"11/26/2016 16:00","TULN","CONN",1.5,"36",241,159,24,0,"17.5",NA,180,149,38,13
400869851,"11/26/2016 16:00","APP","NMSU",21,"59.5",371,123,20,7,"28",9.5,233,117,37,7
400869854,"11/26/2016 16:00","TROY","TXST",28.5,"57.5",304,100,30,0,"23.5",11,87,156,40,7
400868956,"11/26/2016 15:30","ND","USC",-17.5,"61",192,238,7,24,"27.5",-6.5,216,174,27,45
400869068,"11/26/2016 15:30","AUB","ALA",-20.5,"47",31,263,9,13,"21.5",-10.5,151,238,12,30
400869072,"11/26/2016 15:30","MSST","MISS",-10,"68",317,358,27,20,"38",-5.5,249,170,55,20
400869255,"11/26/2016 15:30","SJSU","FRES",3.5,"51.5",142,198,7,14,"24.5",3,180,47,16,14
400869416,"11/26/2016 15:30","FIU","ODU",-14,"60.5",153,220,14,14,"28.5",-7,79,301,28,42
400869499,"11/26/2016 15:30","DUKE","MIAMI",-15.5,"55",209,213,14,16,"28",-6.5,186,355,21,40
400869572,"11/26/2016 15:30","NAVY","SMU",7,"66.5",234,280,28,24,"35.5",4,366,147,75,31
400869596,"11/26/2016 15:30","WVU","ISU",7.5,"60.5",282,263,21,16,"31",3,331,298,49,19
400869702,"11/26/2016 15:30","MSU","PSU",-11,"53.5",256,125,12,10,"26.5",-5,87,338,12,45
400869703,"11/26/2016 15:30","MINN","WIS",-14,"43",226,144,17,7,"23",-7.5,60,218,17,31
400869853,"11/26/2016 15:30","USA","IDHO",-6.5,"53",253,240,21,24,"27.5",-2.5,216,167,31,38
400869498,"11/26/2016 15:00","BC","WAKE",-3,"34.5",58,128,10,0,"16.5",-2.5,109,159,17,14
400869500,"11/26/2016 12:30","SYR","PITT",-25,"67",266,290,21,35,"34.5",-10.5,402,354,61,76
400869070,"11/26/2016 12:00","GT","UGA",-4.5,"49.5",201,239,14,14,"25.5",-3,189,163,28,27
400869071,"11/26/2016 12:00","UK","LOU",-27.5,"71.5",296,317,21,24,"38.5",-11.5,285,244,41,38
400869501,"11/26/2016 12:00","UVA","VT",-19,"53.5",94,366,0,28,"23.5",-7.5,153,213,10,52
400869569,"11/26/2016 12:00","UCF","USF",-12.5,"66",185,254,14,24,"31.5",-4.5,217,249,31,48
400869604,"11/26/2016 12:00","KU","KSU",-26.5,"53.5",127,219,3,20,"24",-10.5,276,222,19,34
400869642,"11/26/2016 12:00","RUTG","MD",-15.5,"54",159,226,7,21,"27",-6.5,191,188,13,31
400869650,"11/26/2016 12:00","MICH","OSU",-4,"46",172,81,10,7,"21.5",-0.5,138,249,27,30
400869700,"11/26/2016 12:00","PUR","IND",-21,"67",162,200,16,17,"31.5",-9.5,105,69,24,26
400869701,"11/26/2016 12:00","ILL","NW",-16.5,"48",191,229,14,21,"24.5",-7.5,243,170,21,42
400869167,"11/25/2016 21:30","ASU","ARIZ",1.5,"65.5",209,263,14,28,"32",3.5,283,325,35,56
400869567,"11/25/2016 20:30","CIN","TLSA",-23.5,"63",303,259,24,14,"34.5",-13,231,352,37,40
400869340,"11/25/2016 17:00","TOL","WMU",-7,"71.5",197,212,14,24,"34",-2,259,233,35,55
400869418,"11/25/2016 16:00","LT","USM",15.5,"72.5",139,300,17,23,"37",9,115,126,24,39
400869168,"11/25/2016 15:30","WASH","WSU",6,"63",386,153,35,10,"31",3,124,181,45,17
400869252,"11/25/2016 15:30","BSU","AFA",7,"64.5",146,194,10,17,"30",4,254,165,20,27
400869632,"11/25/2016 15:30","TCU","TEX",-3,"61.5",102,254,7,6,"28.5",-2.5,385,153,31,9
400869699,"11/25/2016 15:30","NEB","IOWA",-3,"45",143,296,3,20,"21.5",NA,74,112,10,40
400869073,"11/25/2016 14:30","ARK","MIZ",8.5,"72",318,137,24,7,"34",3,185,262,24,28
400869338,"11/25/2016 14:30","BUFF","BGSU",-12,"59.5",175,297,12,14,"31",-5,226,195,19,27
400869161,"11/19/2016 22:30","ARIZ","ORST",-3,"59.5",188,233,10,21,"28.5",NA,162,242,17,42
400869248,"11/19/2016 22:15","UNM","CSU",-7,"62.5",108,303,10,28,"-",NA,258,273,31,49
400869066,"11/19/2016 20:00","MISS","VAN",9,"50",188,206,10,14,"24.5",6,175,275,17,38
400869564,"11/19/2016 20:00","TLSA","UCF",-1,"64",195,114,14,14,"30",1,279,207,35,20
400869617,"11/19/2016 20:00","OKLA","WVU",3.5,"63",357,259,34,7,"31.5",NA,128,320,56,28
400869641,"11/19/2016 20:00","PSU","RUTG",25.5,"55",216,66,9,0,"23.5",11.5,333,21,39,0
400869162,"11/19/2016 19:30","ASU","WASH",-27.5,"64",48,290,0,24,"25",-11,197,249,18,44
400869062,"11/19/2016 19:00","ARK","MSST",-1,"57.5",455,252,38,14,"31",NA,206,281,58,42
400869251,"11/19/2016 19:00","HAW","FRES",3.5,"54.5",125,118,7,7,"24",3,151,204,14,13
400869411,"11/19/2016 19:00","MRSH","FIU",2.5,"53.5",153,324,7,14,"24.5",3,226,192,14,31
400869491,"11/19/2016 19:00","CLEM","WAKE",24,"48",267,93,28,10,"23.5",11.5,189,104,35,13
400869565,"11/19/2016 19:00","USF","SMU",12.5,"73",265,281,21,14,"35.5",4.5,208,297,35,27
400869412,"11/19/2016 18:00","ODU","FAU",8.5,"61",264,205,13,21,"30.5",6.5,359,158,42,24
400869166,"11/19/2016 17:30","STAN","CAL",10,"60.5",270,252,17,14,"31.5",5.5,285,231,45,31
400869413,"11/19/2016 17:30","USM","UNT",6,"59",160,263,7,20,"27",6,220,115,23,29
400869249,"11/19/2016 16:00","USU","NEV",7,"56",264,138,17,10,"27",2.5,259,203,37,38
400869850,"11/19/2016 16:00","TXST","NMSU",-9.5,"67",167,325,0,38,"28",-2.5,175,158,10,50
400922541,"11/19/2016 16:00","NAVY","ECU",9,"64.5",316,206,31,17,"33.5",3.5,277,208,66,31
400868955,"11/19/2016 15:30","VT","ND",-1,"52.5",135,299,14,24,"27.5",0.5,284,150,34,31
400869064,"11/19/2016 15:30","MIZ","TENN",-17.5,"70",383,317,20,21,"38",-7,357,292,37,63
400869164,"11/19/2016 15:30","WSU","COLO",-5.5,"60.5",314,286,17,14,"33.5",-4,148,317,24,38
400869250,"11/19/2016 15:30","SDSU","WYO",9.5,"53.5",195,208,17,10,"26",3,194,279,33,34
400869334,"11/19/2016 15:30","BUFF","WMU",-35,"55.5",140,279,0,14,"24.5",-14,128,347,0,38
400869493,"11/19/2016 15:30","FSU","SYR",23,"66",337,150,21,6,"30.5",12.5,317,83,45,14
400869566,"11/19/2016 15:30","TEM","TULN",14.5,"43.5",259,66,10,0,"20.5",7,274,76,31,0
400869595,"11/19/2016 15:30","TTU","ISU",3.5,"76.5",157,349,3,45,"35",3.5,149,259,10,66
400869603,"11/19/2016 15:30","TEX","KU",23,"62.5",189,119,7,10,"28",11.5,214,213,21,24
400869695,"11/19/2016 15:30","IND","MICH",-24,"50.5",141,110,7,3,"23.5",-10,114,174,10,20
400869696,"11/19/2016 15:30","NW","MINN",1.5,"47",145,200,0,12,"23",2.5,194,128,12,29
400869492,"11/19/2016 15:00","DUKE","PITT",-8,"61.5",197,251,14,28,"29",-3,71,210,14,56
400869848,"11/19/2016 14:30","ULM","APP",-26.5,"52",206,302,10,21,"27.5",-11.5,155,335,17,42
400868932,"11/19/2016 14:00","UMASS","BYU",-28,"54",213,275,9,14,"27.5",-12,115,156,9,51
400869165,"11/19/2016 14:00","ORE","UTAH",-13,"69.5",264,255,3,7,"34",-6,311,198,30,28
400869410,"11/19/2016 14:00","MTSU","CHAR",5.5,"55",272,161,24,6,"27",0.5,199,242,38,31
400869849,"11/19/2016 14:00","GASO","GAST",3,"47.5",176,235,17,20,"24.5",3,187,156,24,30
400869490,"11/19/2016 13:00","CONN","BC",-8,"35.5",84,152,0,10,"16.5",-3.5,37,185,0,30
400922862,"11/19/2016 13:00","FLA","LSU",-14,"37.5",60,166,3,7,"17",-7,210,257,16,10
400869494,"11/19/2016 12:30","UVA","GT",-10.5,"54",209,111,10,7,"26",-6,200,210,17,31
400869495,"11/19/2016 12:30","MIAMI","NCST",2.5,"51",186,122,3,3,"24",2.5,229,207,27,13
400868884,"11/19/2016 12:00","KSU","BAY",-2.5,"60",173,167,7,14,"28.5",0.5,241,201,42,21
400869059,"11/19/2016 12:00","ULL","UGA",-23,"44.5",190,194,7,21,"20",-7,275,206,21,35
400869065,"11/19/2016 12:00","UTSA","TA&M",-25.5,"56",99,264,7,16,"27",-11.5,153,167,10,23
400869414,"11/19/2016 12:00","UTEP","RICE",-2.5,"57",42,279,3,34,"23.5",-0.5,190,203,24,44
400869623,"11/19/2016 12:00","OKST","TCU",-6,"68.5",212,155,10,6,"31",-3,329,188,31,6
400869649,"11/19/2016 12:00","OSU","MSU",20,"49.5",176,203,10,10,"24",10,134,131,17,16
400869694,"11/19/2016 12:00","IOWA","ILL",8.5,"45",136,105,7,0,"19.5",4.5,206,93,28,0
400869697,"11/19/2016 12:00","MD","NEB",-14,"49.5",91,270,0,21,"23",-7,116,131,7,28
400869698,"11/19/2016 12:00","WIS","PUR",28,"49",266,200,35,10,"23",10.5,146,93,49,20
400869246,"11/18/2016 21:00","UNLV","BSU",-28.5,"63.5",123,195,10,21,"28",-12.5,179,185,25,42
400869563,"11/18/2016 20:00","MEM","CIN",7,"61.5",224,99,27,0,"27",2.5,107,145,34,7
400869847,"11/17/2016 21:30","ARST","TROY",-10,"54",106,99,7,3,"24",-7,282,163,35,3
400869562,"11/17/2016 20:00","LOU","HOU",16.5,"68.5",138,279,0,31,"34",13.5,174,83,10,36
400869333,"11/16/2016 20:00","NIU","EMU",1,"63",141,313,0,21,"28",0.5,344,162,31,24
400869332,"11/16/2016 19:00","BALL","TOL",-20.5,"69",219,238,10,20,"33.5",-9,174,266,19,37
400869243,"11/12/2016 22:15","UNM","USU",2,"59",213,150,6,14,"26.5",2,190,241,24,21
400869156,"11/12/2016 22:00","COLO","ARIZ",18.5,"61",228,271,28,10,"30",7,160,146,49,24
400869158,"11/12/2016 21:00","ORST","UCLA",-11.5,"49",163,243,14,24,"24",-4,144,201,24,38
400869690,"11/12/2016 20:00","MICH","IOWA",24,"51",124,130,10,8,"24",12,77,100,13,14
400869055,"11/12/2016 19:30","MISS","TA&M",-7,"63",152,220,6,21,"29.5",-1.5,338,122,29,28
400869157,"11/12/2016 19:30","USC","WASH",-9.5,"61",232,159,17,6,"28.5",-5,168,117,26,13
400869691,"11/12/2016 19:30","MINN","NEB",-7,"48.5",172,137,17,10,"24",-5,93,237,17,24
400869050,"11/12/2016 19:00","LSU","ARK",6.5,"46",222,135,21,7,"22.5",3,325,156,38,10
400869242,"11/12/2016 19:00","BSU","HAW",22,"63.5",403,149,35,3,"27",7.5,200,210,52,16
400869407,"11/12/2016 19:00","MTSU","MRSH",8,"60",195,216,17,14,"28.5",3.5,88,237,17,42
400869487,"11/12/2016 19:00","WAKE","LOU",-34.5,"57",177,128,12,3,"28.5",-16,37,363,12,44
400869559,"11/12/2016 19:00","USF","MEM",3.5,"76",376,253,21,17,"39",0.5,303,355,49,42
400869405,"11/12/2016 18:00","UTEP","FAU",-4.5,"55",143,214,17,17,"26",-3,212,262,31,35
400869159,"11/12/2016 16:00","STAN","ORE",3,"59",363,313,38,13,"30.5",0.5,177,187,52,27
400869846,"11/12/2016 16:00","IDHO","TXST",10,"62",261,292,31,14,"28",3,229,-117,47,14
400869052,"11/12/2016 15:30","AUB","UGA",10,"51",132,161,7,0,"23",3.5,32,182,7,13
400869053,"11/12/2016 15:30","VAN","MIZ",-3,"53",276,234,10,19,"27",1,135,247,17,26
400869406,"11/12/2016 15:30","UTSA","LT",-22.5,"64.5",153,259,14,35,"28.5",-9.5,157,214,35,63
400869409,"11/12/2016 15:30","USM","ODU",-1.5,"63.5",150,214,7,35,"28",3,302,106,35,51
400869485,"11/12/2016 15:30","PITT","CLEM",-22.5,"62.5",356,366,27,28,"35.5",-10,108,264,43,42
400869486,"11/12/2016 15:30","GT","VT",-14,"55",195,121,20,0,"24.5",-7.5,148,316,30,20
400869560,"11/12/2016 15:30","TULN","HOU",-27,"50",124,231,10,28,"23.5",-8,217,56,18,30
400869622,"11/12/2016 15:30","TTU","OKST",-10.5,"88",261,292,28,28,"46",-6.5,257,313,44,45
400869648,"11/12/2016 15:30","OSU","MD",29,"58.5",363,96,45,3,"23.5",10,218,80,62,3
400869693,"11/12/2016 15:30","ILL","WIS",-24.5,"42.5",140,238,3,31,"19",-7.5,60,217,3,48
400869842,"11/12/2016 15:30","APP","TROY",-2,"48.5",145,234,14,14,"25",NA,189,182,24,28
400869244,"11/12/2016 15:00","WYO","UNLV",7.5,"61",184,321,24,30,"31.5",6,301,332,66,69
400869843,"11/12/2016 15:00","NMSU","ARST",-18.5,"63",233,290,6,27,"30.5",-6.5,205,219,22,41
400869404,"11/12/2016 14:00","RICE","CHAR",-12,"59.5",223,175,10,21,"28",-4,210,88,22,21
400869724,"11/12/2016 14:00","MIAMI","UVA",9.5,"55.5",244,170,17,14,"27.5",6.5,206,119,34,14
400869845,"11/12/2016 14:00","ULM","GAST",-12,"51.5",182,193,9,7,"26",-6,275,271,37,23
400869329,"11/12/2016 13:00","M-OH","BUFF",10.5,"50",223,118,20,7,"23.5",4,86,262,35,24
400869488,"11/12/2016 12:30","NCST","SYR",7.5,"62",261,100,14,10,"27.5",4,283,118,35,20
400868883,"11/12/2016 12:00","BAY","OKLA",-19,"81",269,260,10,21,"40.5",-7.5,235,293,24,45
400869049,"11/12/2016 12:00","MSST","ALA",-29.5,"52",108,360,0,30,"22",-10.5,166,255,3,51
400869051,"11/12/2016 12:00","SC","FLA",-12.5,"38",104,257,0,14,"19",-7,152,115,7,20
400869054,"11/12/2016 12:00","UK","TENN",-13.5,"60",275,289,13,21,"30",-6.5,360,310,36,49
400869557,"11/12/2016 12:00","CIN","UCF",-11,"54",111,191,3,10,"26.5",-3.5,216,114,3,24
400869558,"11/12/2016 12:00","SMU","ECU",-7,"63.5",284,293,38,24,"35",-6.5,193,173,55,31
400869561,"11/12/2016 12:00","TLSA","NAVY",-3,"72",320,281,20,28,"37",0,256,220,40,42
400869594,"11/12/2016 12:00","ISU","KU",10.5,"55.5",191,229,10,14,"27",4.5,267,186,31,24
400869631,"11/12/2016 12:00","WVU","TEX",1,"66",221,252,17,13,"33.5",0,162,284,24,20
400869640,"11/12/2016 12:00","RUTG","MSU",-17,"53.5",79,284,0,35,"22.5",-6.5,70,156,0,49
400869689,"11/12/2016 12:00","PSU","IND",6.5,"61",157,207,14,14,"28.5",3,252,247,45,31
400869692,"11/12/2016 12:00","NW","PUR",14,"58",288,167,14,10,"28.5",7,317,227,45,17
400869484,"11/11/2016 19:30","BC","FSU",-21,"47",74,196,0,21,"21",-7.5,72,220,7,45
400869155,"11/10/2016 21:30","UTAH","ASU",4,"56.5",256,271,21,20,"30.5",2.5,241,125,49,26
400869483,"11/10/2016 19:30","UNC","DUKE",11.5,"66.5",261,272,21,21,"35",6.5,142,195,27,28
400869844,"11/10/2016 19:30","ULL","GASO",-6,"45",296,207,21,13,"24",-2.5,186,99,33,26
400869327,"11/09/2016 20:00","BGSU","AKR",-11,"73",216,159,21,10,"35.5",-6.5,107,215,38,28
400869328,"11/09/2016 20:00","TOL","NIU",7.5,"69",158,243,3,14,"32",5.5,262,198,31,24
400869326,"11/08/2016 19:30","WMU","KENT",21.5,"55.5",186,140,13,14,"27",11,226,153,37,21
400869325,"11/08/2016 19:00","EMU","BALL",-1.5,"60",316,245,19,28,"31.5",1,306,297,48,41
400869238,"11/05/2016 22:15","NEV","UNM",-15,"59.5",216,254,14,14,"30.5",-7,193,219,26,35
400869044,"11/05/2016 20:00","ALA","LSU",7,"47",120,100,0,0,"20.5",3.5,203,25,10,0
400869555,"11/05/2016 20:00","ECU","TLSA",-10,"76.5",120,300,7,24,"35",-4,354,316,24,45
400869647,"11/05/2016 20:00","NEB","OSU",-17,"54.5",103,98,3,14,"23",-9.5,101,492,3,62
400869043,"11/05/2016 19:30","UGA","UK",2.5,"51",238,175,13,14,"25.5",3,222,133,27,24
400869688,"11/05/2016 19:30","IOWA","PSU",-6.5,"51.5",128,348,7,24,"24.5",-2.5,106,251,14,41
400869152,"11/05/2016 19:00","ORE","USC",-16,"78.5",124,268,6,24,"35",-7.5,164,311,20,45
400869240,"11/05/2016 19:00","HAW","SDSU",-21,"51",71,195,0,27,"20.5",-7,144,198,0,55
400869401,"11/05/2016 19:00","MRSH","ODU",-9.5,"58",122,281,7,21,"27.5",-3,92,180,14,38
400869479,"11/05/2016 19:00","FSU","NCST",7,"58.5",145,285,10,13,"28.5",4.5,248,184,24,20
400869602,"11/05/2016 19:00","KU","WVU",-32.5,"54",135,371,0,31,"23",-11,306,234,21,48
400869398,"11/05/2016 17:30","FIU","WKU",-34,"64.5",218,311,7,35,"28",-14,93,198,21,49
400869400,"11/05/2016 17:30","LT","UNT",17.5,"63.5",289,210,31,21,"33",7.5,190,79,45,24
400869840,"11/05/2016 17:00","IDHO","ULL",-4.5,"56",254,171,17,13,"28",-3,130,95,23,13
400869841,"11/05/2016 17:00","USA","ULM",10,"50",237,214,14,14,"27.5",6,279,246,35,42
400921256,"11/05/2016 17:00","TULN","UCF",-16.5,"47",185,154,6,7,"22.5",-7,163,143,6,37
400869047,"11/05/2016 16:00","MIZ","SC",-5,"57",187,208,14,21,"28.5",-1,278,220,21,31
400869151,"11/05/2016 16:00","ARIZ","WSU",-16,"67",210,330,7,38,"30",-6.5,76,284,7,69
400869556,"11/05/2016 16:00","MEM","SMU",3.5,"65.5",257,182,38,7,"30.5",NA,217,126,51,7
400868882,"11/05/2016 15:30","TCU","BAY",-7,"65",381,256,38,14,"35.5",-6,307,159,62,22
400868930,"11/05/2016 15:30","BYU","CIN",7.5,"54.5",186,123,10,3,"24",3.5,151,172,20,3
400868966,"11/05/2016 15:30","UMASS","TROY",-23,"57",141,240,17,28,"28",-11,219,245,31,52
400869041,"11/05/2016 15:30","FLA","ARK",3,"44.5",104,267,7,21,"21",3.5,137,199,10,31
400869153,"11/05/2016 15:30","ORST","STAN",-16.5,"43",142,211,7,13,"20.5",-6.5,124,214,15,26
400869237,"11/05/2016 15:30","FRES","CSU",-17.5,"57.5",68,337,0,23,"24",-7,164,157,0,37
400869397,"11/05/2016 15:30","CHAR","USM",-18,"60.5",348,273,28,14,"32",-9,91,225,38,27
400869399,"11/05/2016 15:30","FAU","RICE",-3.5,"56.5",330,189,21,14,"30.5",-2.5,327,251,42,25
400869477,"11/05/2016 15:30","SYR","CLEM",-28,"69",111,396,0,30,"28",-10.5,166,169,0,54
400869478,"11/05/2016 15:30","VT","DUKE",13.5,"56",237,177,21,7,"27.5",4.5,162,198,24,21
400869610,"11/05/2016 15:30","OKST","KSU",-1.5,"58.5",289,215,21,16,"30.5",-1,348,217,43,37
400869685,"11/05/2016 15:30","MD","MICH",-29,"54.5",190,402,0,35,"23",-10,177,258,3,59
400869686,"11/05/2016 15:30","PUR","MINN",-18.5,"54.5",252,274,28,23,"28",-9,162,192,31,44
400869839,"11/05/2016 15:30","TXST","APP",-31.5,"55",88,295,3,28,"24",-14,109,144,10,35
400869482,"11/05/2016 15:00","UVA","WAKE",-2.5,"45",134,230,6,17,"21",0.5,161,79,20,27
400869403,"11/05/2016 14:30","UTSA","MTSU",-19.5,"64",231,161,28,10,"31",-10,147,208,45,25
400869480,"11/05/2016 12:30","GT","UNC",-12,"65",325,373,17,27,"34.5",-3,193,263,20,48
400869481,"11/05/2016 12:30","PITT","MIAMI",-4.5,"58.5",191,326,21,27,"30.5",0,226,208,28,51
400868918,"11/05/2016 12:00","AFA","ARMY",1,"46",210,110,10,6,"21.5",1.5,234,118,31,12
400869042,"11/05/2016 12:00","VAN","AUB",-23,"45.5",206,124,13,10,"23",-10.5,135,262,16,23
400869045,"11/05/2016 12:00","GASO","MISS",-28,"63.5",257,287,21,31,"34",-10.5,144,154,27,37
400869046,"11/05/2016 12:00","TA&M","MSST",11.5,"62.5",146,372,14,28,"30.5",7,236,202,28,35
400869476,"11/05/2016 12:00","LOU","BC",25.5,"52.5",320,94,38,0,"21",9.5,195,113,52,7
400869630,"11/05/2016 12:00","TEX","TTU",2.5,"87",390,233,24,23,"44",2.5,268,249,45,37
400869639,"11/05/2016 12:00","IND","RUTG",13.5,"58.5",351,184,13,17,"28.5",9.5,216,167,33,27
400869684,"11/05/2016 12:00","MSU","ILL",10,"47.5",169,99,6,7,"22",6.5,321,205,27,31
400869687,"11/05/2016 12:00","WIS","NW",5.5,"42",249,178,10,7,"21",2.5,84,138,21,7
400869236,"11/04/2016 22:15","SJSU","BSU",-32,"60",277,250,16,24,"30.5",-14,218,267,31,45
400869554,"11/04/2016 19:00","TEM","CONN",11,"45",268,80,21,0,"20.5",7,163,80,21,0
400869324,"11/04/2016 18:00","CMU","M-OH",-1,"47",143,82,7,13,"24.5",-0.5,149,354,17,37
400869150,"11/03/2016 21:00","UCLA","COLO",-14,"57",102,169,10,7,"24.5",-7.5,108,135,10,20
400869593,"11/03/2016 19:30","OKLA","ISU",21,"72",320,194,28,17,"35.5",10,157,96,34,24
400869838,"11/03/2016 19:30","ARST","GAST",5,"48",249,158,10,3,"24",1,56,173,31,16
400869323,"11/03/2016 18:00","BUFF","OHIO",-18,"52",291,255,10,27,"27",-6.5,122,122,10,34
400869322,"11/02/2016 19:30","TOL","AKR",10.5,"72.5",332,230,20,10,"36",3,290,214,48,17
400869396,"10/29/2016 20:00","ODU","UTEP",5,"55",132,138,10,7,"24",2.5,261,199,31,21
400869473,"10/29/2016 20:00","CLEM","FSU",5,"59.5",231,211,17,14,"28.5",2.5,280,238,37,34
400869552,"10/29/2016 20:00","TLSA","MEM",-6.5,"75",356,270,35,24,"40",-6,240,238,59,30
400869040,"10/29/2016 19:30","NMSU","TA&M",-43,"71.5",141,256,3,24,"31.5",-17.5,175,259,10,52
400869036,"10/29/2016 19:15","AUB","MISS",5,"65.5",272,351,20,22,"35.5",3.5,282,219,40,29
400869039,"10/29/2016 19:15","TENN","SC",15,"51",98,101,7,14,"24",10,199,224,21,24
400869232,"10/29/2016 19:00","BSU","WYO",15.5,"63",342,290,21,17,"34",7,145,199,28,30
400869391,"10/29/2016 19:00","MTSU","FIU",18,"63",300,284,28,21,"33.5",7.5,166,233,42,35
400869393,"10/29/2016 19:00","RICE","LT",-29.5,"68",108,451,0,41,"27",-10,197,284,16,61
400869394,"10/29/2016 19:00","MRSH","USM",-17.5,"67.5",124,245,7,10,"31.5",-7.5,102,229,14,24
400869395,"10/29/2016 19:00","UNT","UTSA",-4,"52",111,170,0,14,"23.5",-0.5,298,148,17,31
400869601,"10/29/2016 19:00","KU","OKLA",-39.5,"65",145,229,3,28,"28",-14.5,25,309,3,56
400869683,"10/29/2016 19:00","NEB","WIS",-8.5,"44.5",152,132,7,10,"20.5",-4,153,205,17,23
400869836,"10/29/2016 19:00","ULM","ARST",-21,"55.5",93,335,3,42,"23",-6.5,243,99,10,51
400869147,"10/29/2016 17:00","ASU","ORE",-9.5,"73",195,413,14,30,"35.5",-3.5,273,321,35,54
400869837,"10/29/2016 17:00","GAST","USA",-5.5,"47",153,115,3,3,"21",-3,87,191,10,13
400869553,"10/29/2016 16:00","SMU","TULN",1,"48.5",253,80,21,10,"23.5",NA,186,311,35,31
400868881,"10/29/2016 15:30","BAY","TEX",4,"74.5",308,302,21,23,"40.5",3,316,246,34,35
400868917,"10/29/2016 15:30","ARMY","WAKE",-7,"41.5",136,200,7,7,"20.5",-4,247,143,21,13
400868953,"10/29/2016 15:30","MIAMI","ND",-2.5,"58.5",105,233,7,20,"27",0.5,201,178,27,30
400869148,"10/29/2016 15:30","WASH","UTAH",10,"53.5",218,171,14,10,"25",4.5,167,205,31,24
400869392,"10/29/2016 15:30","WKU","FAU",21.5,"66.5",176,261,24,3,"28",10,485,-59,52,3
400869550,"10/29/2016 15:30","CIN","TEM",-9.5,"53",176,261,13,17,"27",-4,10,213,13,34
400869629,"10/29/2016 15:30","TTU","TCU",-10,"88",184,216,10,10,"42.5",-5.5,161,202,27,24
400869646,"10/29/2016 15:30","NW","OSU",-25.5,"54",203,218,10,17,"27.5",-10.5,203,213,20,24
400869680,"10/29/2016 15:30","MD","IND",-3.5,"55.5",275,329,21,16,"28.5",-3.5,242,321,36,42
400869717,"10/29/2016 15:30","M-OH","EMU",-7,"50",225,119,14,3,"24.5",-4,180,242,28,15
400869472,"10/29/2016 12:30","BC","NCST",-14,"42",255,194,10,7,"22.5",-6.5,131,144,21,14
400869038,"10/29/2016 12:00","UK","MIZ",-6,"70",374,170,21,7,"35",-6,208,216,35,21
400869319,"10/29/2016 12:00","KENT","CMU",-12.5,"44",96,162,10,10,"21",-7,234,187,27,24
400869474,"10/29/2016 12:00","DUKE","GT",-6.5,"51",344,327,7,28,"28",0,215,278,35,38
400869475,"10/29/2016 12:00","LOU","UVA",33.5,"70",261,170,7,10,"35",17,247,152,32,25
400869549,"10/29/2016 12:00","UCF","HOU",-10,"59.5",166,128,21,3,"28",-7,29,270,24,31
400869551,"10/29/2016 12:00","CONN","ECU",-6.5,"54",172,204,3,14,"26",-1.5,123,226,3,41
400869592,"10/29/2016 12:00","KSU","ISU",6,"50.5",257,133,17,3,"24",3,141,360,31,26
400869621,"10/29/2016 12:00","WVU","OKST",4.5,"66",191,202,10,20,"31.5",4.5,230,156,20,37
400869679,"10/29/2016 12:00","MINN","ILL",8.5,"46.5",145,112,14,7,"21",3,138,133,40,17
400869681,"10/29/2016 12:00","MICH","MSU",25,"50.5",287,148,27,10,"24.5",13.5,149,253,32,23
400869682,"10/29/2016 12:00","PSU","PUR",14,"57.5",196,210,17,17,"29",7,315,131,62,24
400869231,"10/28/2016 22:30","AFA","FRES",16,"51.5",187,227,7,14,"27.5",10.5,237,122,31,21
400869234,"10/28/2016 20:00","SDSU","USU",5,"45.5",244,84,20,7,"21",1,170,168,40,13
400869548,"10/28/2016 19:00","NAVY","USF",-6,"67",218,464,14,42,"33.5",0.5,398,165,45,52
400869145,"10/27/2016 22:30","CAL","USC",-19.5,"75",206,451,10,28,"35",-11.5,269,178,24,45
400869317,"10/27/2016 19:30","AKR","BUFF",19.5,"62",83,283,10,20,"28.5",11,223,235,20,41
400869318,"10/27/2016 19:30","OHIO","TOL",-15.5,"57.5",198,229,14,6,"28",-9.5,314,331,31,26
400869835,"10/27/2016 19:30","APP","GASO",6.5,"46",212,40,10,10,"21",6.5,286,119,34,10
400869471,"10/27/2016 19:00","VT","PITT",3.5,"54.5",223,181,16,14,"27",1.5,333,277,39,36
400869141,"10/22/2016 22:00","WSU","ASU",7.5,"66",155,162,17,14,"29.5",6.5,191,118,37,32
400869032,"10/22/2016 21:00","MISS","LSU",-8.5,"60.5",221,287,21,21,"32",-4.5,104,228,21,38
400869227,"10/22/2016 21:00","ULM","UNM",-15.5,"59.5",75,377,3,35,"23.5",-7,160,245,17,59
400869616,"10/22/2016 20:00","OKLA","TTU",16.5,"86.5",448,414,30,24,"47",7.5,406,440,66,59
400869645,"10/22/2016 20:00","OSU","PSU",18,"56",219,204,12,7,"27.5",9,194,72,21,24
400869832,"10/22/2016 20:00","GASO","NMSU",14,"65",254,266,6,9,"31.5",7,150,152,22,19
400869031,"10/22/2016 19:30","MSST","UK",6.5,"54",134,199,14,6,"24.5",3,228,355,38,40
400869675,"10/22/2016 19:30","MSU","MD",3,"50",269,235,14,14,"26.5",3,157,212,17,28
400869390,"10/22/2016 19:00","UTEP","UTSA",-10,"46",130,264,14,21,"23.5",-4.5,314,261,52,49
400869544,"10/22/2016 19:00","ECU","CIN",2,"63",215,292,3,14,"31",2.5,289,221,19,31
400869545,"10/22/2016 19:00","HOU","SMU",24,"61.5",155,315,7,28,"33",14.5,148,91,16,38
400869834,"10/22/2016 19:00","ULL","TXST",6,"64.5",209,128,13,3,"28.5",2.5,183,93,27,3
400869144,"10/22/2016 18:30","ORST","WASH",-37.5,"54",89,318,0,31,"21.5",-14,236,201,17,41
400869030,"10/22/2016 18:00","ARK","AUB",-10,"54",155,328,3,28,"24.5",-6,60,304,3,56
400869226,"10/22/2016 17:30","CSU","UNLV",-1.5,"56.5",298,72,35,0,"24",0.5,169,288,42,23
400869386,"10/22/2016 17:30","CHAR","MRSH",-8.5,"60",263,196,17,24,"30",-0.5,124,154,27,24
400869033,"10/22/2016 16:00","MTSU","MIZ",-9.5,"72",326,398,34,28,"42.5",-6,258,231,51,45
400869142,"10/22/2016 16:00","UTAH","UCLA",-3.5,"43.5",279,204,27,21,"24.5",-2.5,260,306,52,45
400869547,"10/22/2016 15:45","TULN","TLSA",-10.5,"53",113,323,7,31,"24.5",-3,279,243,27,50
400869029,"10/22/2016 15:30","TA&M","ALA",-17.5,"59",150,303,7,13,"28.5",-7.5,128,148,14,33
400869312,"10/22/2016 15:30","BUFF","NIU",-23.5,"61",229,270,7,30,"27.5",-7.5,109,241,7,44
400869314,"10/22/2016 15:30","EMU","WMU",-25.5,"61.5",267,303,17,24,"31.5",-10.5,194,258,31,45
400869546,"10/22/2016 15:30","MEM","NAVY",-2,"57.5",166,258,14,21,"28.5",0.5,265,274,28,42
400869628,"10/22/2016 15:30","TCU","WVU",-5.5,"66",207,215,10,21,"31",-0.5,93,174,10,34
400869676,"10/22/2016 15:30","ILL","MICH",-40,"52.5",70,316,0,31,"20.5",-14.5,102,245,8,41
400869677,"10/22/2016 15:30","PUR","NEB",-24.5,"59.5",239,168,14,10,"28.5",-13,94,241,14,27
400869831,"10/22/2016 15:30","IDHO","APP",-21.5,"52.5",187,169,6,10,"24.5",-10,170,206,19,37
400869143,"10/22/2016 15:00","COLO","STAN",0,"0",177,131,7,3,"23.5",0.5,182,132,10,5
400869311,"10/22/2016 15:00","AKR","BALL",-3,"62.5",221,267,7,17,"31",0.5,308,176,35,25
400869470,"10/22/2016 15:00","UNC","UVA",11,"68",255,160,14,7,"31.5",6.5,233,93,35,14
400869225,"10/22/2016 14:00","HAW","AFA",-17,"58.5",215,149,10,7,"27.5",-7.5,172,260,34,27
400869315,"10/22/2016 13:00","OHIO","KENT",1,"43",245,155,14,3,"21.5",-0.5,90,109,14,10
400869468,"10/22/2016 12:30","SYR","BC",-3,"49.5",286,109,14,10,"24.5",-0.5,246,178,28,20
400868916,"10/22/2016 12:00","UNT","ARMY",-17.5,"47",56,185,14,10,"21",-9,264,211,35,18
400868964,"10/22/2016 12:00","UMASS","SC",-20,"47",213,290,14,27,"24",-7,176,105,28,34
400869313,"10/22/2016 12:00","CMU","TOL",-10.5,"62.5",133,152,0,3,"26.5",-4.5,211,252,17,31
400869316,"10/22/2016 12:00","M-OH","BGSU",-2.5,"52.5",228,225,19,17,"27.5",-0.5,201,221,40,26
400869469,"10/22/2016 12:00","NCST","LOU",-19,"66",54,390,0,44,"24.5",-7,196,163,13,54
400869543,"10/22/2016 12:00","UCF","CONN",4.5,"45.5",261,220,14,16,"24.5",4.5,139,193,24,16
400869600,"10/22/2016 12:00","OKST","KU",23.5,"61.5",269,236,17,13,"31",9.5,213,218,44,20
400869609,"10/22/2016 12:00","TEX","KSU",1.5,"55.5",160,244,7,21,"27.5",4.5,184,161,21,24
400869638,"10/22/2016 12:00","RUTG","MINN",-18,"45",222,240,10,21,"24",-6,150,159,32,34
400869674,"10/22/2016 12:00","WIS","IOWA",4.5,"42.5",246,137,7,6,"21.5",3,177,99,17,9
400869678,"10/22/2016 12:00","IND","NW",-3,"52.5",120,371,3,24,"27",0,283,37,14,24
400869140,"10/21/2016 22:30","ORE","CAL",2.5,"90",191,320,14,31,"48.5",3.5,259,316,49,52
400869230,"10/21/2016 22:30","SJSU","SDSU",-24,"48.5",94,204,3,21,"21",-10.5,115,256,3,42
400869542,"10/21/2016 19:00","USF","TEM",6,"59",171,315,13,20,"31",4.5,181,213,30,46
400869224,"10/20/2016 22:15","BYU","BSU",-7.5,"58",114,379,17,21,"28.5",-4.5,208,192,27,28
400869830,"10/20/2016 19:30","TROY","USA",9.5,"49",324,194,13,21,"27",8.5,261,146,28,21
400869467,"10/20/2016 19:00","MIAMI","VT",-4.5,"53",212,258,9,16,"26.5",-0.5,153,265,16,37
400869220,"10/15/2016 22:15","CSU","BSU",-28,"59",141,171,3,7,"27.5",-13,232,273,23,28
400869137,"10/15/2016 20:00","ASU","COLO",-11,"63.5",114,305,10,23,"29.5",-7,85,275,16,40
400869644,"10/15/2016 20:00","OSU","WIS",10.5,"47.5",172,313,6,16,"24",7,239,137,30,23
400868952,"10/15/2016 19:30","STAN","ND",-3,"52.5",172,187,0,10,"24",NA,124,120,17,10
400869027,"10/15/2016 19:30","USM","LSU",-24.5,"55.5",135,121,10,10,"26.5",-11.5,107,338,10,45
400869539,"10/15/2016 19:30","TEM","UCF",-3.5,"51.5",145,195,14,25,"24.5",0.5,219,101,26,25
400869024,"10/15/2016 19:00","MISS","ARK",9.5,"66",274,281,20,20,"33",6.5,129,148,30,34
400869383,"10/15/2016 19:00","FAU","MRSH",-12.5,"61",309,255,21,16,"31.5",-6.5,147,181,21,27
400869385,"10/15/2016 19:00","UTSA","RICE",3,"53",199,126,14,6,"24.5",1,135,225,14,13
400869540,"10/15/2016 19:00","CONN","USF",-20.5,"54",126,231,3,14,"24.5",-9.5,252,298,27,42
400869541,"10/15/2016 19:00","TLSA","HOU",-22.5,"68.5",207,295,17,17,"35",-10.5,252,227,31,38
400869591,"10/15/2016 19:00","ISU","TEX",-16.5,"69",140,161,6,3,"31.5",-9.5,140,344,6,27
400869826,"10/15/2016 19:00","USA","ARST",-4,"55",100,177,0,14,"24",NA,155,120,7,17
400869829,"10/15/2016 19:00","TXST","ULM",-10,"66.5",199,307,14,33,"31",-2.5,156,170,34,40
400869382,"10/15/2016 18:00","FIU","CHAR",1,"55.5",147,203,10,10,"24.5",NA,207,200,27,26
400869828,"10/15/2016 17:00","NMSU","IDHO",-4,"67.5",292,358,16,27,"35.5",2.5,136,293,23,55
400869025,"10/15/2016 16:00","MIZ","FLA",-14,"51.5",92,253,0,20,"21.5",-6.5,271,270,14,40
400869139,"10/15/2016 16:00","UTAH","ORST",7,"42.5",229,55,12,0,"20.5",4.5,88,242,19,14
400869466,"10/15/2016 15:45","VT","SYR",22,"64.5",213,347,3,17,"36",14,255,214,17,31
400868880,"10/15/2016 15:30","KU","BAY",-33.5,"64.5",118,284,0,42,"24.5",-10,99,169,7,49
400868963,"10/15/2016 15:30","LT","UMASS",19,"64.5",338,212,28,14,"31.5",7,352,187,56,28
400869028,"10/15/2016 15:30","ALA","TENN",13.5,"55.5",309,41,21,7,"24.5",7.5,285,122,49,10
400869136,"10/15/2016 15:30","USC","ARIZ",14,"66",303,134,34,7,"28.5",6.5,271,209,48,14
400869219,"10/15/2016 15:30","UNM","AFA",-14,"54",326,342,35,27,"33",-8,117,189,45,40
400869305,"10/15/2016 15:30","BALL","BUFF",10.5,"51.5",230,199,7,14,"27",9,338,260,31,21
400869306,"10/15/2016 15:30","BGSU","TOL",-32,"71.5",176,240,7,14,"34.5",-14.5,326,301,35,42
400869307,"10/15/2016 15:30","CMU","NIU",-2.5,"61",194,121,14,7,"28",-1.5,290,218,34,28
400869310,"10/15/2016 15:30","WMU","AKR",14,"67",354,110,27,0,"30",6.5,231,173,41,0
400869463,"10/15/2016 15:30","WAKE","FSU",-24,"51.5",138,226,3,10,"24.5",-10.5,114,216,6,17
400869670,"10/15/2016 15:30","NEB","IND",3.5,"58",184,160,17,8,"25.5",NA,176,173,27,22
400869672,"10/15/2016 15:30","NW","MSU",-6.5,"41.5",188,147,19,17,"21.5",-3,302,328,54,40
400869723,"10/15/2016 15:30","UNC","MIAMI",-5.5,"68.5",265,201,20,3,"33",-4,196,162,20,13
400869827,"10/15/2016 15:30","GAST","TROY",-19.5,"54.5",74,169,0,6,"23.5",-9,344,194,21,31
400869309,"10/15/2016 14:30","KENT","M-OH",1.5,"43",113,90,7,3,"-",NA,149,170,14,18
400869308,"10/15/2016 14:00","EMU","OHIO",-7,"54.5",158,210,3,3,"24.5",-3.5,277,205,27,20
400869464,"10/15/2016 12:30","GASO","GT",-10,"48",149,280,10,21,"23.5",-3.5,186,157,24,35
400869465,"10/15/2016 12:30","PITT","UVA",3,"61",160,270,35,28,"31",0,186,94,45,31
400869026,"10/15/2016 12:00","VAN","UGA",-14,"42.5",64,204,7,6,"20.5",-7,107,217,17,16
400869462,"10/15/2016 12:00","NCST","CLEM",-21,"60.5",274,240,3,10,"30",-9.5,123,255,17,24
400869608,"10/15/2016 12:00","KSU","OKLA",-14,"57",150,287,10,24,"28",-7,185,223,17,38
400869627,"10/15/2016 12:00","WVU","TTU",3,"83",392,200,24,7,"42",0,258,179,48,17
400869637,"10/15/2016 12:00","ILL","RUTG",4,"51",182,186,7,0,"23.5",1.5,138,199,24,7
400869671,"10/15/2016 12:00","MINN","MD",-3.5,"45.5",163,101,14,0,"21",-1,148,190,31,10
400869673,"10/15/2016 12:00","IOWA","PUR",11.5,"52",397,144,35,7,"26",6.5,123,360,49,35
400868928,"10/14/2016 22:15","MSST","BYU",-7.5,"57",211,126,14,7,"27.5",-4.5,175,185,21,28
400869221,"10/14/2016 22:00","SDSU","FRES",20,"51.5",215,74,10,0,"21.5",10,149,143,17,3
400869538,"10/14/2016 20:00","MEM","TULN",11.5,"53.5",173,154,13,7,"24.5",4.5,226,159,24,14
400869461,"10/14/2016 19:00","DUKE","LOU",-35.5,"70.5",140,212,7,10,"31",-16.5,99,257,14,24
400869130,"10/08/2016 22:00","ARIZ","UTAH",-9.5,"53.5",259,183,14,12,"27",-5,216,272,23,36
400869215,"10/08/2016 22:00","USU","CSU",6,"53",278,235,24,10,"27.5",2.5,183,229,24,31
400869378,"10/08/2016 20:00","FIU","UTEP",-5.5,"49",182,182,13,7,"24",-2.5,317,158,35,21
400869722,"10/08/2016 20:00","FSU","MIAMI",-2,"63",192,189,3,13,"28.5",3,215,87,20,19
400869133,"10/08/2016 19:30","WASH","ORE",10.5,"68",347,197,35,7,"31",4.5,335,212,70,21
400869018,"10/08/2016 19:00","ALA","ARK",14.5,"49",396,244,35,17,"27.5",7,121,229,49,30
400869216,"10/08/2016 19:00","FRES","NEV",-8.5,"55",181,278,6,21,"27",-1,271,111,22,27
400869380,"10/08/2016 19:00","MRSH","UNT",13.5,"59.5",153,186,7,14,"28",9.5,118,272,21,38
400869460,"10/08/2016 19:00","SYR","WAKE",-4.5,"53",164,168,9,14,"24",-0.5,162,162,9,28
400869607,"10/08/2016 19:00","TTU","KSU",-9.5,"68.5",363,173,28,31,"38",-4,229,162,38,44
400869636,"10/08/2016 19:00","MICH","RUTG",31,"53",309,6,43,0,"21.5",10.5,291,33,78,0
400869824,"10/08/2016 19:00","IDHO","ULM",-2.5,"56.5",219,251,24,21,"30",-1.5,195,272,34,31
400869303,"10/08/2016 18:30","NIU","WMU",-18,"68.5",219,271,17,21,"34",-7,265,302,30,45
400869217,"10/08/2016 16:30","HAW","SJSU",-3,"62.5",298,214,24,10,"30.5",-0.5,133,125,34,17
400869020,"10/08/2016 16:00","VAN","UK",-3,"49",81,185,3,17,"22.5",NA,201,122,13,20
400869132,"10/08/2016 16:00","COLO","USC",-4.5,"62.5",126,268,0,14,"28.5",-2.5,245,271,17,21
400868914,"10/08/2016 15:30","ARMY","DUKE",-5.5,"42.5",80,109,6,13,"19.5",-0.5,260,313,6,13
400868927,"10/08/2016 15:30","BYU","MSU",-4,"48.5",155,105,3,7,"22.5",-0.5,243,101,31,14
400869213,"10/08/2016 15:30","AFA","WYO",13.5,"50.5",64,217,6,14,"23.5",8,273,145,26,35
400869299,"10/08/2016 15:30","BALL","CMU",-12.5,"56.5",229,110,7,17,"27",-6.5,111,312,21,24
400869301,"10/08/2016 15:30","KENT","BUFF",3,"41.5",229,110,20,3,"20.5",2,201,262,44,20
400869459,"10/08/2016 15:30","VT","UNC",2.5,"48.5",151,80,13,3,"20.5",NA,113,51,34,3
400869590,"10/08/2016 15:30","ISU","OKST",-14.5,"68.5",273,205,17,14,"35.5",-7.5,175,254,31,38
400869643,"10/08/2016 15:30","IND","OSU",-28.5,"62.5",171,189,10,24,"29",-11.5,110,194,17,38
400869823,"10/08/2016 15:30","TXST","GAST",-9.5,"58",246,314,14,24,"30.5",-3.5,174,222,21,41
400869302,"10/08/2016 15:00","M-OH","AKR",-11,"53.5",159,210,6,21,"26.5",-4,101,89,13,35
400869304,"10/08/2016 15:00","TOL","EMU",20,"65",185,102,7,3,"28.5",10,282,215,35,20
400869536,"10/08/2016 15:00","HOU","NAVY",15.5,"52.5",241,941,20,20,"28",7.5,243,-559,40,46
400869300,"10/08/2016 14:00","BGSU","OHIO",-12.5,"60",135,227,7,23,"27.5",-4,232,159,24,30
400869458,"10/08/2016 12:30","GT","PITT",-6.5,"52",189,225,20,21,"27",-2.5,182,182,34,37
400868951,"10/08/2016 12:00","ND","NCST",-2,"55",48,122,0,3,"17.5",-0.5,65,76,3,10
400869021,"10/08/2016 12:00","AUB","MSST",4,"55",335,91,35,0,"24.5",2,97,198,38,14
400869381,"10/08/2016 12:00","USM","UTSA",16.5,"55.5",276,383,21,38,"31",9.5,281,149,32,55
400869535,"10/08/2016 12:00","ECU","USF",-14.5,"68",213,286,6,17,"33.5",-6.5,263,270,22,38
400869599,"10/08/2016 12:00","TCU","KU",30.5,"62",155,164,14,10,"28",14.5,211,306,24,23
400869668,"10/08/2016 12:00","IOWA","MINN",-2.5,"50.5",137,101,3,0,"20.5",-0.5,184,167,14,7
400869669,"10/08/2016 12:00","MD","PSU",2.5,"56.5",156,293,14,24,"28",1,114,231,14,38
400869214,"10/07/2016 21:00","BSU","UNM",19,"63.5",404,194,42,7,"28",7,52,227,49,21
400868962,"10/07/2016 20:00","UMASS","ODU",-12,"55",229,292,9,19,"27.5",-3.5,167,230,16,36
400869457,"10/07/2016 19:30","CLEM","BC",18.5,"44",266,163,21,3,"21",7.5,237,88,56,10
400869379,"10/06/2016 20:00","WKU","LT",3,"69.5",222,341,24,35,"38",4,205,220,52,55
400869531,"10/06/2016 20:00","TEM","MEM",-9.5,"58",190,111,13,3,"27.5",-6.5,341,212,27,34
400869207,"10/01/2016 22:15","USU","BSU",-24.5,"61",112,157,3,7,"27.5",-10.5,246,227,10,21
400869208,"10/01/2016 22:15","WYO","CSU",-6,"54",236,345,24,17,"-",NA,198,136,38,17
400869129,"10/01/2016 21:30","ORE","WSU",3,"76",207,279,14,28,"37",3,209,372,33,51
400869126,"10/01/2016 20:30","ASU","USC",-9,"65",169,306,6,27,"28",-4.5,134,217,20,41
400869212,"10/01/2016 20:00","SDSU","USA",19.5,"49.5",168,179,16,14,"24.5",7.5,148,152,24,42
400869453,"10/01/2016 20:00","LOU","CLEM",1,"66",205,304,10,28,"34.5",3,363,203,36,42
400869014,"10/01/2016 19:30","MIZ","LSU",-12,"52",110,357,0,21,"23.5",-6.5,155,277,7,42
400869373,"10/01/2016 19:30","MRSH","PITT",-16.5,"58",102,354,0,27,"26",-6.5,242,178,27,43
400869010,"10/01/2016 19:00","UK","ALA",-37,"56",73,217,3,17,"24.5",-16.5,88,271,6,34
400869015,"10/01/2016 19:00","MEM","MISS",-16,"71.5",187,262,7,24,"32.5",-7,287,362,28,48
400869298,"10/01/2016 19:00","WMU","CMU",3,"60.5",233,93,21,3,"27.5",0.5,191,184,49,10
400869371,"10/01/2016 19:00","FAU","FIU",3.5,"53.5",222,217,17,14,"26",0.5,106,252,31,33
400869372,"10/01/2016 19:00","UTEP","LT",-22.5,"57",211,213,0,14,"24.5",-10,204,174,7,28
400869374,"10/01/2016 19:00","MTSU","UNT",17,"65",208,126,13,7,"30.5",9,269,182,30,13
400869375,"10/01/2016 19:00","RICE","USM",-26.5,"59",154,330,7,13,"28",-13,192,367,28,44
400869529,"10/01/2016 19:00","USF","CIN",7,"66",247,272,24,20,"33.5",3,207,121,45,20
400869128,"10/01/2016 18:00","UTAH","CAL",2,"65",180,207,10,14,"31",2.5,262,155,23,28
400869370,"10/01/2016 18:00","ODU","CHAR",9,"57.5",294,205,31,10,"27.5",3.5,187,149,52,17
400869614,"10/01/2016 17:00","OKLA","TCU",3.5,"66",332,271,35,24,"34",-0.5,202,243,52,46
400869819,"10/01/2016 17:00","TROY","IDHO",15.5,"58.5",309,144,21,6,"27.5",7,221,111,34,13
400869016,"10/01/2016 16:00","TA&M","SC",20.5,"51.5",206,167,7,7,"24",10.5,216,211,24,13
400869209,"10/01/2016 16:00","SJSU","UNM",-11.5,"52.5",273,347,20,31,"27.5",-3,170,144,41,48
400868961,"10/01/2016 15:30","TULN","UMASS",2.5,"41.5",228,139,10,14,"21",0.5,220,173,31,24
400869012,"10/01/2016 15:30","ULM","AUB",-32.5,"57",34,183,0,14,"27",-13.5,217,505,7,58
400869013,"10/01/2016 15:30","TENN","UGA",4,"53",165,186,7,17,"25",4.5,192,206,34,31
400869206,"10/01/2016 15:30","NAVY","AFA",-7,"49.5",120,109,0,3,"23",-3.5,197,321,14,28
400869293,"10/01/2016 15:30","AKR","KENT",8.5,"51",147,223,10,17,"23.5",4.5,231,200,31,27
400869297,"10/01/2016 15:30","NIU","BALL",-3.5,"58",411,282,24,17,"32.5",-3,242,145,31,24
400869455,"10/01/2016 15:30","UNC","FSU",-11,"74.5",328,277,21,7,"40.5",-7.5,210,318,37,35
400869456,"10/01/2016 15:30","WAKE","NCST",-13.5,"48.5",177,308,9,23,"24",-5.5,175,219,16,33
400869606,"10/01/2016 15:30","KSU","WVU",-3,"57",178,174,13,0,"27",-3.5,108,248,16,17
400869663,"10/01/2016 15:30","PUR","MD",-11,"55",66,293,0,29,"23.5",-4.5,139,203,7,50
400869664,"10/01/2016 15:30","WIS","MICH",-11.5,"45.5",98,172,0,7,"20.5",-6,61,177,7,14
400869665,"10/01/2016 15:30","ILL","NEB",-21,"53.5",169,223,13,10,"26",-10,101,200,16,31
400869295,"10/01/2016 15:00","EMU","BGSU",0,"65",200,215,7,7,"31",0.5,274,241,28,25
400869127,"10/01/2016 14:30","ORST","COLO",-19.5,"56",144,363,6,37,"24.5",-7,82,200,6,47
400869296,"10/01/2016 14:30","OHIO","M-OH",2.5,"50.5",123,92,10,0,"21",0,74,146,17,7
400869294,"10/01/2016 13:00","BUFF","BC",-17.5,"40",17,88,0,7,"17",-7.5,50,312,3,35
400869454,"10/01/2016 12:30","UVA","DUKE",-3,"61.5",269,239,20,10,"31.5",-3,147,191,34,20
400868879,"10/01/2016 12:00","BAY","ISU",17.5,"63",298,317,21,28,"34.5",10,349,148,45,42
400868950,"10/01/2016 12:00","ND","SYR",14,"74.5",403,324,33,27,"39.5",5,251,165,50,33
400869017,"10/01/2016 12:00","FLA","VAN",11,"41",125,114,10,3,"19.5",6,111,151,13,6
400869528,"10/01/2016 12:00","UCF","ECU",-3.5,"62",121,265,16,7,"28.5",-4,249,253,47,29
400869530,"10/01/2016 12:00","SMU","TEM",-12.5,"52.5",100,220,14,35,"24",-4,188,148,20,45
400869620,"10/01/2016 12:00","TEX","OKST",-1.5,"69",390,392,25,37,"37.5",3.5,178,163,31,49
400869635,"10/01/2016 12:00","RUTG","OSU",-39.5,"59.5",84,360,0,30,"25",-14.5,32,309,0,58
400869662,"10/01/2016 12:00","NW","IOWA",-11,"44.5",162,144,17,21,"23",-4.5,200,139,38,31
400869721,"10/01/2016 12:00","MIAMI","GT",9,"54",162,196,28,14,"25.5",3.5,193,165,35,21
400869818,"10/01/2016 12:00","GAST","APP",-19,"52",133,120,0,0,"23.5",-9.5,108,241,3,17
400868926,"09/30/2016 22:15","TOL","BYU",-3,"51.5",304,192,21,21,"27.5",NA,388,394,53,55
400869124,"09/30/2016 21:00","STAN","WASH",-3.5,"47",83,225,0,23,"21",-0.5,130,199,6,44
400869598,"09/29/2016 20:30","KU","TTU",-28,"79",140,302,9,28,"35",-10.5,156,319,19,55
400869527,"09/29/2016 20:00","CONN","HOU",-28,"50.5",164,317,7,28,"24",-11,171,223,14,42
400869120,"09/24/2016 22:00","CAL","ASU",-4,"87",368,138,24,10,"42.5",-4,269,316,41,51
400869008,"09/24/2016 21:00","ARK","TA&M",-6.5,"52",249,222,17,17,"25.5",-3.5,242,369,24,45
400869121,"09/24/2016 20:00","STAN","UCLA",3,"47",107,31,3,7,"22",3,243,294,22,13
400869287,"09/24/2016 20:00","BGSU","MEM",-17.5,"66.5",195,446,3,56,"27.5",-3.5,99,189,3,77
400869366,"09/24/2016 20:00","LOU","MRSH",31.5,"71",377,74,35,7,"28",11,313,133,59,28
400869369,"09/24/2016 20:00","USM","UTEP",14,"59",253,120,24,7,"27",6.5,125,138,34,7
400868878,"09/24/2016 19:30","OKST","BAY",-7,"74.5",193,302,14,21,"36",-2.5,299,221,24,35
400869004,"09/24/2016 19:30","SC","UK",-2,"58",164,155,7,3,"26",-1.5,104,196,10,17
400869290,"09/24/2016 19:00","GASO","WMU",-9,"55.5",180,256,17,35,"25.5",-3,190,151,31,49
400869364,"09/24/2016 19:00","UCF","FIU",10,"52",303,76,32,7,"23.5",3,198,113,53,14
400869365,"09/24/2016 19:00","LT","MTSU",-4.5,"70",378,207,20,7,"35",-3.5,244,346,34,38
400869525,"09/24/2016 19:00","HOU","TXST",32,"64",429,82,43,3,"27.5",8,134,60,64,3
400869816,"09/24/2016 19:00","NMSU","TROY",-20.5,"65.5",237,265,0,31,"30.5",-7,302,227,6,52
400869003,"09/24/2016 18:00","LSU","AUB",3.5,"46",137,231,7,9,"21.5",3,201,157,13,18
400869286,"09/24/2016 18:00","BALL","FAU",3.5,"53.5",291,307,17,24,"28",3,197,138,31,27
400869122,"09/24/2016 17:30","COLO","ORE",-14,"70",351,218,26,17,"35",-7,242,290,41,38
400868925,"09/24/2016 15:30","BYU","WVU",-8,"53",226,244,10,21,"26.5",-3,295,237,32,35
400868949,"09/24/2016 15:30","DUKE","ND",-21.5,"61",239,288,28,21,"32",-11,259,246,38,35
400868960,"09/24/2016 15:30","MSST","UMASS",22,"49",309,167,13,14,"26",10.5,289,244,47,35
400869007,"09/24/2016 15:30","FLA","TENN",-4,"41.5",300,162,21,3,"21.5",-3.5,102,336,28,38
400869123,"09/24/2016 15:30","BSU","ORST",16,"61",435,67,31,7,"28",7,77,220,38,24
400869285,"09/24/2016 15:30","APP","AKR",4.5,"56.5",360,248,31,14,"28.5",1,227,238,45,38
400869291,"09/24/2016 15:30","M-OH","CIN",-13.5,"54.5",176,226,10,10,"27",-6.5,137,235,20,27
400869368,"09/24/2016 15:30","UTSA","ODU",-6,"50",145,256,7,13,"24",-2,197,189,19,33
400869449,"09/24/2016 15:30","PITT","UNC",-7,"68",218,215,19,16,"32",-4.5,203,256,36,37
400869452,"09/24/2016 15:30","WAKE","IND",-7,"48.5",168,296,21,7,"24.5",-6,184,315,33,28
400869658,"09/24/2016 15:30","PSU","MICH",-16.5,"57",50,259,0,28,"24",-7,141,256,10,49
400869450,"09/24/2016 13:00","SYR","CONN",-1.5,"57.5",264,216,17,14,"28.5",-0.5,205,209,31,24
400869288,"09/24/2016 12:30","CMU","UVA",6,"53",176,280,14,28,"27",4,319,289,35,49
400869451,"09/24/2016 12:30","ECU","VT",-14.5,"58",145,289,0,38,"23.5",-4,298,173,17,54
400869002,"09/24/2016 12:00","KENT","ALA",-42,"50",53,352,0,41,"17.5",-11.5,113,150,0,48
400869005,"09/24/2016 12:00","UGA","MISS",-7,"61.5",186,323,0,31,"28",-0.5,210,187,14,45
400869200,"09/24/2016 12:00","CSU","MINN",-17.5,"56",179,235,7,17,"27",-7.5,190,182,24,31
400869203,"09/24/2016 12:00","NEV","PUR",-3.5,"59.5",122,239,14,10,"27.5",-2.5,131,227,14,24
400869204,"09/24/2016 12:00","SJSU","ISU",-7,"53.5",171,212,3,23,"24.5",-3.5,161,291,10,44
400869363,"09/24/2016 12:00","CHAR","TEM",-27,"53.5",153,262,7,31,"23.5",-8.5,276,245,20,48
400869448,"09/24/2016 12:00","FSU","USF",5,"65",391,201,38,14,"29.5",2.5,256,249,55,35
400869634,"09/24/2016 12:00","IOWA","RUTG",16,"56.5",239,183,7,0,"26",7.5,116,200,14,7
400869659,"09/24/2016 12:00","WIS","MSU",-4.5,"42.5",177,121,13,6,"20.5",-3,140,204,30,6
400869118,"09/23/2016 21:00","USC","UTAH",-3,"45",267,200,17,10,"24",-0.5,199,256,27,31
400869524,"09/23/2016 20:00","TCU","SMU",22,"69",216,160,6,3,"31",11.5,373,160,33,3
400869201,"09/23/2016 19:30","WYO","EMU",6,"60",134,275,17,17,"29.5",2.5,179,225,24,27
400869446,"09/22/2016 19:30","CLEM","GT",10.5,"58",347,23,23,0,"24",7.5,95,101,26,7
400869196,"09/17/2016 21:00","BUFF","NEV",-12,"50.5",181,327,0,24,"24",-5.5,180,194,14,38
400869110,"09/17/2016 20:00","USC","STAN",-7.5,"52",106,110,3,7,"23",-1,247,294,10,27
400869439,"09/17/2016 20:00","DUKE","NW",-4,"45",200,222,7,7,"23.5",-2.5,196,184,13,24
400868948,"09/17/2016 19:30","MSU","ND",-7,"50.5",231,179,15,7,"24.5",-4.5,270,222,36,28
400868992,"09/17/2016 19:30","TXST","ARK",-28.5,"61.5",26,350,0,35,"23.5",-10,79,117,3,42
400868994,"09/17/2016 19:30","UNT","FLA",-33.5,"52.5",-3,179,0,5,"21.5",-14,56,292,0,32
400868998,"09/17/2016 19:30","UGA","MIZ",7,"54",250,343,21,20,"30.5",3.5,159,128,28,27
400869613,"09/17/2016 19:30","OSU","OKLA",2.5,"59.5",278,257,35,17,"31.5",-0.5,165,147,45,24
400868912,"09/17/2016 19:00","ARMY","UTEP",3.5,"46.5",282,65,24,0,"21",1.5,316,204,66,14
400868993,"09/17/2016 19:00","TA&M","AUB",-1.5,"55",253,200,16,10,"28",-0.5,225,199,29,16
400868996,"09/17/2016 19:00","MSST","LSU",-13.5,"47",80,282,3,23,"21",-5,190,110,20,23
400869359,"09/17/2016 19:00","LT","TTU",-11.5,"83.5",227,393,17,35,"41",-3.5,345,273,45,59
400869362,"09/17/2016 19:00","TROY","USM",-9.5,"62",200,121,24,17,"28.5",-6.5,109,300,37,31
400869521,"09/17/2016 19:00","NAVY","TULN",7,"42.5",139,131,7,7,"20.5",3.5,207,130,21,14
400869814,"09/17/2016 19:00","USA","ULL",-1.5,"52.5",137,134,7,9,"24",-0.5,201,378,23,28
400869280,"09/17/2016 18:00","EMU","CHAR",2,"63",202,131,17,3,"27.5",-0.5,155,215,37,19
400869360,"09/17/2016 18:00","ODU","NCST",-24.5,"58",63,240,3,21,"24.5",-10.5,258,230,22,49
400869813,"09/17/2016 18:00","ULM","GASO",-27,"57.5",234,204,14,10,"29",-13.5,116,212,21,23
400868995,"09/17/2016 16:00","NMSU","UK",-22,"65.5",345,400,35,35,"37",-10,155,292,42,62
400868999,"09/17/2016 16:00","ECU","SC",-2,"51",199,143,6,17,"24",1.5,320,169,15,20
400869284,"09/17/2016 16:00","WMU","ILL",3,"56",246,207,24,7,"26",NA,191,108,34,10
400868959,"09/17/2016 15:30","FIU","UMASS",1,"49",144,248,3,14,"23.5",3,171,146,13,21
400868997,"09/17/2016 15:30","ALA","MISS",11.5,"54",205,243,17,24,"28.5",10.5,287,284,48,43
400869111,"09/17/2016 15:30","COLO","MICH",-18.5,"56.5",232,207,21,24,"28.5",-8,93,190,28,45
400869113,"09/17/2016 15:30","ORE","NEB",-3,"73",240,196,20,14,"35.5",-3,242,232,32,35
400869197,"09/17/2016 15:30","SDSU","NIU",13,"48.5",217,133,28,7,"21.5",5,187,243,42,28
400869283,"09/17/2016 15:30","WKU","M-OH",18,"64",273,94,14,3,"28",9.5,131,330,31,24
400869437,"09/17/2016 15:30","BC","VT",-6,"40",92,193,0,21,"17.5",-2.5,32,283,0,49
400869442,"09/17/2016 15:30","PITT","OKST",-3.5,"57.5",298,467,24,31,"31.5",0.5,229,173,38,45
400869443,"09/17/2016 15:30","USF","SYR",12.5,"75",280,341,28,17,"38.5",5.5,174,208,45,20
400869195,"09/17/2016 15:00","FRES","TOL",-22.5,"58.5",73,267,0,24,"24",-9.5,181,352,17,52
400869198,"09/17/2016 15:00","UNLV","CMU",-11.5,"55.5",219,295,21,28,"28.5",-6.5,94,204,21,44
400869358,"09/17/2016 14:30","FAU","KSU",-24,"49.5",76,312,0,42,"20.5",-7.5,135,183,7,63
400869116,"09/17/2016 14:00","IDHO","WSU",-28,"69.5",148,222,3,21,"30.5",-11,109,287,6,56
400869444,"09/17/2016 13:30","UVA","CONN",-3,"47.5",209,96,10,3,"22.5",-2.5,172,181,10,13
400869001,"09/17/2016 12:30","VAN","GT",-6,"44.5",139,260,7,17,"21",-2.5,136,251,7,38
400868889,"09/17/2016 12:00","ISU","TCU",-26,"60",158,263,7,24,"28",-11,197,218,20,41
400869000,"09/17/2016 12:00","OHIO","TENN",-27,"58.5",200,155,12,14,"28",-10.5,118,249,19,28
400869192,"09/17/2016 12:00","UNM","RUTG",-7.5,"56",279,262,21,28,"28",-3.5,183,88,28,37
400869278,"09/17/2016 12:00","AKR","MRSH",-17.5,"55.5",297,263,41,21,"31.5",-10,227,297,65,38
400869440,"09/17/2016 12:00","FSU","LOU",-2.5,"66.5",142,375,10,35,"31.5",3,142,155,20,63
400869519,"09/17/2016 12:00","TEM","PSU",-9,"48",185,253,10,21,"24.5",-3,139,150,27,34
400869520,"09/17/2016 12:00","KU","MEM",-20.5,"59.5",185,258,7,33,"27.5",-7.5,129,136,7,43
400869720,"09/17/2016 12:00","MIAMI","APP",3.5,"51.5",242,158,24,3,"24",0.5,307,83,45,10
400869109,"09/16/2016 21:30","ASU","UTSA",21.5,"59",217,179,12,14,"28.5",10.5,252,143,32,28
400869193,"09/16/2016 21:00","ARST","USU",-9,"55.5",92,161,0,24,"23.5",-3.5,265,173,20,34
400869361,"09/16/2016 20:00","BAY","RICE",33.5,"66.5",298,191,21,10,"33",16.5,340,74,38,10
400869517,"09/15/2016 19:30","HOU","CIN",8,"64",258,159,10,10,"30",7,248,148,40,16
400869106,"09/10/2016 22:15","WSU","BSU",-13.5,"74.5",213,171,7,17,"-",NA,307,249,28,31
400868989,"09/10/2016 20:00","VT","TENN",-11,"52.5",234,182,14,24,"24.5",-4.5,166,148,24,45
400869186,"09/10/2016 20:00","UNM","NMSU",11.5,"61.5",218,163,17,15,"28.5",5.5,118,144,31,32
400868888,"09/10/2016 19:30","ISU","IOWA",-15.5,"50",116,266,3,28,"21.5",-6.5,175,169,3,42
400868923,"09/10/2016 19:30","BYU","UTAH",-3,"43.5",171,236,13,14,"21.5",-2.5,157,127,19,20
400868982,"09/10/2016 19:30","ARST","AUB",-21.5,"52",154,452,7,38,"24.5",-7.5,172,254,14,51
400868988,"09/10/2016 19:30","EMU","MIZ",-23,"59",199,366,7,33,"27.5",-7.5,229,281,21,61
400869434,"09/10/2016 19:30","UNC","ILL",7,"60",79,150,17,14,"28.5",3,383,159,48,23
400868987,"09/10/2016 19:00","SC","MSST",-7.5,"51",90,324,0,24,"23",-3.5,153,161,14,27
400869273,"09/10/2016 19:00","NIU","USF",-14.5,"56",163,370,7,27,"27",-6.5,155,288,17,48
400869357,"09/10/2016 19:00","UTEP","TEX",-31,"58.5",150,206,7,20,"24.5",-14,58,210,7,41
400869612,"09/10/2016 19:00","ULM","OKLA",-46,"63.5",145,462,0,42,"23.5",-14.5,205,178,17,59
400869811,"09/10/2016 19:00","GASO","USA",14,"58",242,126,10,6,"26.5",7,199,226,24,9
400869719,"09/10/2016 18:00","FAU","MIAMI",-26,"62.5",85,229,3,14,"27",-11.5,129,241,10,38
400869105,"09/10/2016 17:00","IDHO","WASH",-37,"60.5",87,285,0,35,"24",-13.5,235,197,14,59
400868991,"09/10/2016 16:00","MTSU","VAN",-3,"50",298,193,17,33,"27",0.5,197,151,24,47
400869185,"09/10/2016 16:00","UTSA","CSU",-8,"52",162,267,14,20,"27",-3,73,61,14,23
400869269,"09/10/2016 16:00","BALL","IND",-17,"64",161,283,0,20,"27.5",-7,210,170,20,30
400868877,"09/10/2016 15:30","SMU","BAY",-34,"72.5",239,194,6,6,"34.5",-16,166,342,13,40
400868947,"09/10/2016 15:30","NEV","ND",-28,"63",74,245,0,25,"26.5",-11,226,199,10,39
400868980,"09/10/2016 15:30","WKU","ALA",-27.5,"59.5",163,229,3,17,"27",-12,76,246,10,38
400868983,"09/10/2016 15:30","UK","FLA",-14,"49.5",79,324,0,24,"21.5",-7,70,240,7,45
400869268,"09/10/2016 15:30","AKR","WIS",-21.5,"46.5",151,365,10,30,"21.5",-7,73,221,10,54
400869355,"09/10/2016 15:30","ODU","APP",-21.5,"54",182,318,7,24,"27",-7.5,144,97,7,31
400869431,"09/10/2016 15:30","WAKE","DUKE",-7,"45",164,192,7,7,"21.5",-3.5,225,177,24,14
400869512,"09/10/2016 15:30","CONN","NAVY",-4,"43.5",141,245,7,21,"21.5",-0.5,213,120,24,28
400869516,"09/10/2016 15:30","TLSA","OSU",-29,"73",125,159,3,20,"30",-13.5,63,258,3,48
400869277,"09/10/2016 14:30","OHIO","KU",-2.5,"61",359,21,28,7,"27",-1.5,137,211,37,21
400869184,"09/10/2016 14:00","GAST","AFA",-24,"53",143,260,14,27,"24.5",-11,26,271,14,48
400869430,"09/10/2016 12:30","TROY","CLEM",-35.5,"63.5",243,200,10,13,"31",-17.5,143,214,24,30
400868911,"09/10/2016 12:00","RICE","ARMY",-8.5,"51.5",162,268,7,21,"24",-3.5,127,146,14,31
400869187,"09/10/2016 12:00","WYO","NEB",-25,"57",178,331,7,17,"27",-11.5,142,219,17,52
400869270,"09/10/2016 12:00","CMU","OKST",-18,"60",164,184,10,17,"28.5",-7,254,154,30,27
400869435,"09/10/2016 12:00","NCST","ECU",6.5,"59",273,246,20,19,"31",3.5,224,199,30,33
400869436,"09/10/2016 12:00","PSU","PITT",-3.5,"44.5",178,289,14,28,"23.5",0,228,143,39,42
400869510,"09/10/2016 12:00","UCF","MICH",-37,"55",179,236,7,34,"21.5",-14,152,211,14,51
400869511,"09/10/2016 12:00","CIN","PUR",3.5,"60",321,220,21,7,"29.5",0,191,284,38,20
400869429,"09/09/2016 20:00","LOU","SYR",17,"70",519,286,35,21,"39.5",9.5,326,128,62,28
400869351,"09/09/2016 19:30","MD","FIU",12,"56.5",272,205,31,7,"27",6.5,205,167,41,14
400868971,"09/03/2016 21:00","CLEM","AUB",9.5,"63",233,38,10,3,"27.5",4.5,166,224,19,13
400868969,"09/03/2016 20:00","USC","ALA",-14,"51.5",92,142,3,17,"22.5",-7.5,102,323,6,52
400869179,"09/03/2016 20:00","FRES","NEB",-29.5,"63",146,149,10,14,"28",-14,128,257,10,43
400869348,"09/03/2016 20:00","NMSU","UTEP",-9.5,"58.5",114,251,3,24,"27",-3,231,267,22,38
400868957,"09/03/2016 19:30","UMASS","FLA",-36,"52",90,193,7,10,"23",-17,97,170,7,24
400868973,"09/03/2016 19:30","USM","UK",-3.5,"63",259,387,17,35,"30",0.5,261,22,44,35
400869183,"09/03/2016 19:00","SJSU","TLSA",-4.5,"66",166,335,7,38,"28.5",0.5,121,177,10,45
400869345,"09/03/2016 19:00","SMU","UNT",7,"67.5",369,220,24,14,"32",1.5,203,174,34,21
400868970,"09/03/2016 16:00","LT","ARK",-22,"53.5",161,214,14,14,"25",-9,130,83,20,21
400868974,"09/03/2016 15:30","LSU","WIS",13.5,"44.5",64,180,0,6,"20",7.5,193,159,14,16
400869262,"09/03/2016 15:30","M-OH","IOWA",-28,"51.5",233,253,7,28,"24",-12,191,151,21,45
400869097,"09/03/2016 14:00","RUTG","WASH",-25,"55.5",117,323,3,34,"24.5",-10,187,57,13,48
400868975,"09/03/2016 12:00","USA","MSST",-27.5,"52.5",148,205,0,17,"23.5",-11.5,231,177,21,20
400868976,"09/03/2016 12:00","MIZ","WVU",-10,"51.5",241,232,3,13,"24.5",0,221,262,11,26
400869180,"09/03/2016 12:00","HAW","MICH",-38.5,"55.5",72,280,0,35,"21",-15,160,232,3,63
400869260,"09/03/2016 12:00","BGSU","OSU",-28,"64.5",161,456,10,35,"29",-11.5,83,320,10,77
400869267,"09/03/2016 12:00","WMU","NW",-3.5,"53",189,119,6,7,"23.5",-0.5,227,200,22,21
400869507,"09/03/2016 12:00","OKLA","HOU",13,"66.5",245,337,17,19,"35",6.5,148,73,23,33
400869094,"09/02/2016 21:00","KSU","STAN",-13.5,"49.5",117,202,3,17,"21.5",-4,218,70,13,26
400869265,"09/02/2016 21:00","TOL","ARST",-4.5,"66",293,80,21,3,"28.5",-3,263,186,31,10
400869093,"09/02/2016 20:00","CSU","COLO",-7.5,"57.5",79,364,0,31,"24.5",-3.5,146,214,7,44
400868910,"09/02/2016 19:00","ARMY","TEM",-14.5,"45.5",41,132,0,7,"21",-6,303,119,28,13
400869258,"09/02/2016 19:00","BALL","GAST",-6.5,"55.5",128,121,14,14,"27.5",-3.5,327,151,31,21
400869341,"09/01/2016 19:00","CHAR","LOU",-39,"58.5",102,462,0,56,"21",-13.5,106,201,14,70
